2,"AAP","ATLANTA AIRPORT","** INACTIVE HEARING LOCATION **","CONCOURSE E., ROOM A","ATLANTA","GA","30320","9999999999","ATL","ATL","CAF","","N",,"",2007-07-15 16:05:04,"ohs",False,"ATL",2,0,0,0,30,0,0,11,False,False
288,"ABQ","REGIONAL CORRECTIONS CENTER","REGIONAL CORRECTIONS CENTER","415 ROMA NW","ALBUQUERQUE","NM","87102","5052426177","ELP","EPD","CAF","","Y",2006-12-12 14:22:12,"LeeSu",2007-08-09 17:24:01,"ohs",True,"ELP",2,0,0,0,30,0,0,10,False,True
3,"ADC","DHS-Litigation Unit/Oakdale","IMMIGRATION COURT","1900 East Whatley Road","OAKDALE","LA","71463","318335365","OAK","OAK","CAF","","Y",,"",2009-09-18 16:01:58,"KumarA",True,"OAK",0,0,0,0,30,0,0,5,False,True
326,"ADE","ADELANTO DETENTION FACILITY EAST","IMMIGRATION COURT","10400 RANCHO ROAD","ADELANTO","CA","923012237","2138942811","ADL","ADL","CAF","","Y",2011-07-13 15:46:22,"RauschE",2013-05-10 16:59:18,"HodskinS",True,"ADL",2,0,0,0,30,0,0,9,True,True
341,"ADL","ADELANTO","IMMIGRATION COURT","10250 RANCHO RD., SUITE 201A","ADELANTO","CA","92301","1111111111","ADL","ADL","CAF","","N",2013-05-10 14:25:42,"HodskinS",2013-05-10 14:25:42,"",False,"ADL",2,0,0,0,30,0,0,9,False,False
333,"ADW","ADELANTO DETENTION FACILITY WEST","IMMIGRATION COURT","10400 RANCHO ROAD","ADELANTO","CA","923012237","2138942811","ADL","ADL","CAF","","Y",2012-09-11 09:17:13,"DoanT",2013-05-10 16:59:34,"HodskinS",True,"ADL",2,0,0,0,30,0,0,9,True,True
318,"AFP","ATLANTA FEDERAL PRISON","IMMIGRATION COURT","112 JIM HAMMOCK DRIVE","MCRAE","GA","31055","4043310907","ATL","ATL","CAF","F","Y",2010-04-16 15:26:55,"RauschE",2010-04-16 15:26:55,"",True,"ATL",2,0,0,0,2,0,0,11,False,True
4,"AGA","AGANA, GUAM","IMMIGRATION COURT","108 HERNAN CORTEZ AVE 1ST FL","HAGATNA","GU","96910","8085411870","AGA","HON","CAF","","Y",,"",2007-01-12 16:20:21,"LeeSu",True,"AGA",2,17,30,21,30,0,0,9,False,True
5,"AIR","NORTHWEST DETENTION CENTER","IMMIGRATION COURT","1623 EAST J STREET, SUITE 3","TACOMA","WA","984211615","2537796020","TAC","TAC","CAF","","Y",,"",2008-02-11 13:20:41,"NongP",True,"TAC",2,0,0,0,30,0,0,9,False,True
6,"AKA","ALASKA CORRECTIONAL COMPLEX","ANCHORAGE CORRECTIONAL COMPLEX","1400 E. 4TH AVENUE","ANCHORAGE","AK","99501","1111111111","POO","POO","CAF","S","Y",,"",2012-02-24 11:22:09,"DoanT",True,"POO",0,0,0,0,0,0,0,9,False,True
7,"ALA","ALABAMA DEPARTMENT OF CORRECTIONS","ALABAMA DEPARTMENT OF CORRECTIONS","KILBY CORRECTIONS FACILITY","MT. MEIGS","AL","360570000","3343533886","ATL","ATL","CAF","S","Y",,"",2007-07-26 14:40:17,"ohs",True,"ATL",2,0,0,0,30,0,0,11,False,True
8,"ALD","ALDERSON, BOP                                  ","** INACTIVE HEARING LOCATION **                   ","FED. CORR. INST.              ","ALDERSON       ","WV","24910","1111111111","WAS","WAS"," ","F","N",,"",2006-01-06 21:39:05,"fruehwad",False,"WAS",0,0,0,0,0,0,0,4,False,False
9,"ALW","ALLENWOOD CORRECTIONAL INST.","ALLENWOOD CORRECTIONAL INST.","P.O BOX 1000","WHITEDEER","PA","17887","7175471990","YOR","YOR","CAF","F","Y",,"",2007-05-31 12:27:33,"ohs",True,"YOR",2,0,0,0,30,0,0,3,False,True
10,"ANC","ANCHORAGE, ALASKA","IMMIGRATION COURT","620 EAST 10TH AVENUE, ROOM 302","ANCHORAGE","AK","99501","1111111111","POO","POO","CAF","","Y",,"",2012-02-24 11:27:21,"DoanT",True,"POO",0,0,0,0,0,0,0,9,False,True
11,"APC","MIAMI AIRPORT COURT","MIAMI AIRPORT COURT","CONCOURSE E., 3RD FLOOR","MIAMI","FL","33299","9999999999","MIA","MIA","CAF","","N",,"",2008-01-24 10:24:02,"NongP",False,"MIA",2,0,0,0,30,0,0,11,False,False
12,"ARK","ARKANSAS DEPT. OF CORRECTIONS DIAGNOSTIC UNIT","ARKANSAS DEPT. OF CORRECTIONS DIAGNOSTIC UNIT","6700 W. 7TH STREET","PINE BLUFF","AR","71603","1111111111","MEM","MEM","CAF","S","Y",,"",2009-06-16 14:38:49,"HodskinS",True,"MEM",2,0,0,0,30,0,0,8,False,True
13,"ATD","ATLANTA DETAINED LOCATION","IMMIGRATION COURT","180 SPRING ST., SW, SUITE 241","ATLANTA","GA","303030000","4043310907","ATL","ATL","CAF","","Y",,"",2007-11-09 08:36:04,"NongP",True,"ATL",2,0,0,0,30,0,0,11,False,True
14,"ATL","ATLANTA, GEORGIA","IMMIGRATION COURT","180 SPRING ST., SW, SUITE 241","ATLANTA","GA","303030000","4043310907","ATL","ATL","CAF","","Y",,"",2008-01-24 12:38:30,"fruehwad",True,"ATL",2,17,30,17,30,0,0,11,False,False
15,"ATP","ATLANTA PENITENTIARY","** INACTIVE HEARING LOCATION **","ATLANTA PENITENTIARY","ATLANTA","GA","30345","1111111111","ATL","ATL","CAF","F","N",,"",2007-07-15 16:04:17,"ohs",False,"ATL",2,0,0,0,30,0,0,11,False,False
16,"AUB","NYDOCS - AUBURN","** INACTIVE HEARING LOCATION **","BOX 618 135 STATE ST","AUBURN","NY","13021","1111111111","BAL","BAL","CAF","S","N",,"",2006-07-07 16:18:41,"LeeSu",True,"BAL",0,0,0,0,0,0,0,2,False,True
17,"AW1","ALLENWOOD LSCI","ALLENWOOD LSCI","P O BOX 1500","WHITEDEER","PA","17887","9999999999","PHI","PHI","CAF","F","N",,"",2006-12-08 11:40:02,"LeeSu",False,"PHI",2,17,30,60,30,0,0,3,False,True
18,"AW2","ALLENWOOD FCI","ALLENWOOD FCI","P O BOX 2500","WHITEDEER","PA","17887","9999999999","PHI","PHI","CAF","F","N",,"",2006-12-08 11:42:20,"LeeSu",False,"PHI",2,17,30,60,30,0,0,3,False,True
19,"AW3","ALLENWOOD PENITENTARY","ALLENWOOD PENITENTARY","P O  BOX 1000","WHITEDEER","PA","17887","9999999999","PHI","PHI","CAF","F","N",,"",2006-12-08 11:42:39,"LeeSu",False,"PHI",2,17,30,60,30,0,0,3,False,True
20,"AWH","WASHINGTON DOC -AWH","WASHINGTON DEPARTMENT OF CORRECTIONS","AIRWAY HEIGHTS CORRECTION CTR.","AIRWAY HEIGHTS","WA","990011899","9999999999","SEA","SEA","CAF","S","Y",,"",2007-07-06 14:00:13,"ohs",True,"SEA",2,0,0,0,30,0,0,9,False,True
21,"BAL","BALTIMORE, MARYLAND","IMMIGRATION COURT","31 HOPKINS PLAZA, ROOM 440","BALTIMORE","MD","21201","4109623092","BAL","BAL","CAF","","Y",,"",2006-07-07 16:17:08,"LeeSu",True,"BAL",0,0,0,0,0,0,0,4,False,True
334,"BAY","BCFS","IMMIGRATION COURT","600 JEFFERSON, SUITE 900","HOUSTON","TX","77002","2107933517","HOU","HOU","CAF","","Y",2013-03-07 09:04:59,"DoanT",2013-04-04 11:58:55,"DoanT",True,"HOU",2,17,30,0,30,0,0,5,False,True
22,"BCI","BLACK CANYON CORRECTIONAL INSTITUTION","BLACK CANYON CORRECTIONAL INSTITUTION","BOX 1680 BLACK CANYON, STAGE 1","PHOENIX","AZ","850279741","9999999999","PHO","PHO","CAF","F","N",,"",2007-01-12 15:30:08,"LeeSu",False,"PHO",2,0,0,0,30,0,0,9,False,True
323,"BCJ","IMMIGRATION COURT","IMMIGRATION COURT, BAKER COUNTY JAIL","3535 LAWTON ROAD, SUITE 200","ORLANDO","FL","32803","9042595946","ORL","ORL","CAF","","Y",2010-10-28 16:42:49,"HuangC",2010-11-02 15:49:09,"RauschE",True,"ORL",2,0,0,0,30,0,0,11,False,False
23,"BDC","BRADENTON DETENTION CENTER","BRADENTON DETENTION CENTER","80 NORTH HUGHEY AVD, SUITE 203","ORLANDO","FL","32801","4076486565","ORL","ORL","CAF","","Y",,"",2008-05-07 15:58:34,"HodskinS",True,"BDC",2,0,0,0,30,0,0,11,False,True
329,"BDH","BEDFORD HEIGHTS CITY JAIL","IMMIGRATION COURT","5661 PERKINS ROAD","BEDFORD","OH","44146","4407863254","CLE","CLE","CAF","","Y",2011-10-11 16:03:51,"RauschE",2011-10-11 16:03:51,"",True,"CLE",2,0,0,0,10,0,0,6,False,True
324,"BDT","BOSTON DETAINED","IMMIGRATION COURT","15 NEW SUDBURY STREET","BOSTON","MA","02203","6175653080","BOS","BOS","CAF","","Y",2011-03-17 10:29:27,"HuangC",2011-03-17 10:29:27,"",True,"BOS",2,0,0,0,30,0,0,1,False,True
24,"BED","BEDFORD HILLS CORRECTIONAL FACILITY","BEDFORD HILLS CORRECTIONAL FACILITY","247 HARRIS ROAD","BEDFORD HILLS","NY","10507","8458313657","ULS","SIN","CAF","S","Y",,"",2011-10-28 16:05:59,"RauschE",True,"ULS",0,0,0,0,0,0,0,2,False,True
25,"BER","BERKS","BERKS COUNTY YOUTH FACILITY","1261 COUNTY WELFARE ROAD","LEESPORT","PA","19533","1111111111","YOR","YOR","CAF","","Y",,"",2007-05-31 11:05:18,"ohs",True,"YOR",0,0,0,0,0,0,0,3,False,True
26,"BET","TEXAS DOC- BETO II","TEXAS DEPARTMENT OF CORRECTIONS","BETO II UNIT","PALESTINE","TX","75801","2149282217","HOD","HOD","CAF","S","Y",,"",2012-10-09 13:27:32,"HodskinS",True,"HOD",2,0,0,0,30,0,0,5,False,True
27,"BIG","BIG SPRING CORR. CTR. (AIRPARK)","BIG SPRING CORR. CTR. (AIRPARK)","1100 COMMERCE ST., SUITE 1060","DALLAS","TX","75242","1111111111","DAL","DAL","CAF","F","Y",,"",2013-03-18 09:45:03,"DoanT",True,"DAL",2,0,0,0,30,0,0,5,False,True
342,"BJV","BOSTON, MASSACHUSETTS","IMMIGRATION COURT","JFK FEDERAL BLDG., ROOM 320","BOSTON","MA","022030002","6175653080","BOS","BOS","CAF","","Y",2013-05-15 08:38:42,"DoanT",2013-05-15 08:38:42,"",True,"BOS",0,0,0,0,20,0,0,1,True,True
278,"BKC","BOKEN KAMP CHILDREN'S CENTER","HECTOR ACEVADO, FACILITY ADMINISTRATOR","600 JEFFERSON, SUITE 900","HOUSTON","TX","770027363","3619941214","HOU","HOU","CAF","","Y",2006-06-23 15:02:59,"LeeSu",2011-10-21 15:48:12,"RauschE",True,"HOU",30,30,30,30,30,0,0,5,False,True
28,"BLA","PEACE ARCH PORT OF ENTRY","IMMIGRATION COURT","100 PEACE PORTAL DRIVE","BLAINE","WA","98230","2065535953","SEA","SEA","CAF","","Y",,"",2007-07-06 13:59:39,"ohs",True,"SEA",2,17,30,30,30,0,0,9,False,True
275,"BLD","BLOOMINGTON","IMMIGRATION COURT","7850 METRO PARKWAY - SUITE 320","BLOOMINGTON","MN","55425","6127253765","BLM","BLD","CAF","","Y",2005-03-31 10:20:21,"Forsmany",2007-02-09 16:12:33,"LeeSu",True,"BLD",2,0,0,0,30,0,0,8,False,True
29,"BLM","BLOOMINGTON","IMMIGRATION COURT","7850 METRO PARKWAY, SUITE 320","BLOOMINGTON","MN","55425","6127253765","BLM","BLM","CAF","","Y",,"",2007-02-09 16:13:12,"LeeSu",True,"BLM",2,17,30,30,30,0,0,8,False,True
30,"BNC","MANATEE COUNTY SHERIFF'S CENTRAL JAIL","MANATEE COUNTY SHERIFF'S CENTRAL JAIL","14470 HARLEE ROAD","PALMETTO","FL","34221","1111111111","MIA","MIA","CAF","","N",,"",2008-01-24 10:23:02,"NongP",False,"MIA",2,0,0,0,30,0,0,11,False,False
31,"BOI","BOISE, IDAHO","IMMIGRATION COURT","1185 SOUTH VINNELL WAY","BOISE","ID","83709","2086856635","POO","POO","CAF","","Y",,"",2012-02-24 11:33:30,"DoanT",True,"POO",0,0,0,0,0,0,0,9,False,True
32,"BOP","FEDERAL CORR. INST.-OAKDALE 1","FEDERAL CORRECTIONAL INSTITUTION","1900 E. WHATLEY ROAD","OAKDALE","LA","71463","318335365","OAK","OAK","CAF","F","Y",,"",2006-11-22 15:46:00,"ohs",True,"OAK",0,0,0,0,30,0,0,5,False,True
33,"BOS","BOSTON, MASSACHUSETTS","IMMIGRATION COURT","JFK FEDERAL BLDG., ROOM 320","BOSTON","MA","022030002","6175653080","BOS","BOS","CAF","","Y",,"",2009-05-11 10:42:07,"KumarA",True,"BOS",2,15,15,15,15,0,0,1,True,True
34,"BRI","BROWARD CORRECTIONAL INSTITUTION","BROWARD CORRECTIONAL INSTITUTION","20421 SHERIDAN STREET","FT. LAUDERDALE","FL","33332","9542526500","MIA","MIA","CAF","S","Y",,"",2007-07-06 13:26:22,"ohs",True,"MIA",2,0,0,0,30,0,0,11,False,False
35,"BRO","BROWNSVILLE, TEXAS","IMMIGRATION COURT","1029 SOUTH BRIDGE STREET","HIDALGO","TX","78557","9568425728","HLG","HLG","CAF","","Y",,"",2009-12-14 16:41:13,"MadanA",True,"HLG",2,17,30,30,30,0,0,5,False,True
36,"BRS","BRISTOL COUNTY CORRECTIONAL FACILITY","BRISTOL COUNTY CORRECTIONAL FACILITY","400 FAUNCE CORNER RD","NORTH DARTMOUTH","MA","027470000","5089951311","BOS","BOS","CAF","M","Y",,"",2007-08-09 17:21:56,"ohs",True,"BOS",2,0,0,0,30,0,0,1,True,True
37,"BTC","BROWARD TRANSITIONAL CENTER","IMMIGRATION COURT","3900 POWERLINE ROAD","POMPANO BEACH","FL","330733013","9549176500","KRO","BTC","CAF","","Y",,"",2011-07-14 09:30:50,"HodskinS",True,"KRO",2,0,0,0,30,0,0,11,False,False
311,"BTD","BUTLER COUNTY SHERIFF'S OFFICE","IMMIGRATION COURT","705 HANOVER STREET","HAMILTON","OH","45011","5137851105","CLE","CLE","CAF","","Y",2008-11-13 13:48:43,"HodskinS",2008-12-05 13:54:17,"HodskinS",True,"CLE",2,0,0,0,30,0,0,6,True,True
279,"BTF","BATAVIA FEDERAL DETENTION FACILITY","BATAVIA FEDERAL DETENTION FACILITY","4250 FEDERAL DRIVE","BATAVIA","NY","14020","5853454300","BUF","BTF","CAF","F","Y",2006-07-20 14:18:16,"LeeSu",2011-11-28 13:27:52,"HodskinS",False,"BTF",0,0,0,0,0,0,0,2,True,True
38,"BTV","BATAVIA SERVICE PROCESSING CENTER","IMMIGRATION COURT","4250 FEDERAL DRIVE, ROOM F108","BATAVIA","NY","14020","5853454300","BUF","BTV","CAF","","Y",,"",2011-06-01 10:56:57,"KhanS",True,"BUF",2,0,0,0,30,0,0,2,False,True
39,"BUF","BUFFALO, NEW YORK","IMMIGRATION COURT","130 DELAWARE AVENUE, SUITE 410","BUFFALO","NY","14202","7165513442","BUF","BUF","CAF","","Y",,"",2011-03-24 11:28:21,"HodskinS",True,"BUF",2,17,30,30,30,0,0,2,False,True
335,"CAC","CATHOLIC CHARITIES","IMMIGRATION COURT","600 JEFFERSON, SUITE 900","HOUSTON","TX","77002","7135264611","HOU","HOU","CAF","","Y",2013-03-07 09:43:24,"DoanT",2013-04-04 12:12:22,"DoanT",True,"HOU",2,17,30,0,30,0,0,5,False,True
40,"CAL","CALIPATRIA STATE PRISON","CALIPATRIA STATE PRISON","7018 BLAIR ROAD","CALIPATRIA","CA","92233","7603487338","IMP","IMP","CAF","S","Y",,"",2007-02-08 15:33:19,"LeeSu",True,"IMP",2,0,0,0,30,0,0,9,True,True
309,"CAM","CAMBRIA COUNTY PRISON","IMMIGRATION COURT","3400 CONCORD ROAD, SUITE 2","YORK","PA","17402","7177557555","YOR","YOR","CAF","","Y",2008-10-10 09:52:22,"HodskinS",2008-11-03 09:19:06,"HodskinS",True,"YOR",0,0,0,0,0,0,0,3,False,True
41,"CCA","CORRECTIONS CORPORATION OF AMERICA-SAN DIEGO,CA","IMMIGRATION COURT - CCA DENTENTION CENTER","446 ALTA ROAD","SAN DIEGO","CA","92158","6196613327","SND","CCA","CAF","","Y",,"",2007-02-08 15:55:12,"LeeSu",True,"SND",2,0,0,0,30,0,0,9,False,True
317,"CCF","COLUMBIA CARE FACILITY","IMMIGRATION COURT","7901 FARROW ROAD","COLUMBIA","SC","29201","8434379817","CHL","CHL","SAF","S","Y",2010-03-22 10:44:38,"HodskinS",2010-03-22 10:48:04,"HodskinS",True,"CHL",2,0,0,0,30,0,0,4,False,True
42,"CCI","CHARLOTTE CORRECTIONAL INSTITUTION","CHARLOTTE CORRECTIONAL INSTITUTION","33123 OIL WELL ROAD","PUNTA GORDA","FL","32831","9415752828","MIA","MIA","CAF","S","Y",,"",2007-07-06 13:53:51,"ohs",True,"MIA",2,0,0,0,30,0,0,11,False,False
284,"CEL","CLEVELAND, OHIO","IMMIGRATION COURT","801 W. SUPERIOR AVE, STE13-100","CLEVELAND","OH","441131829","2168021100","CLE","CLE","CAF","","Y",2006-10-20 13:55:25,"LeeSu",2007-08-09 17:22:42,"ohs",True,"CLE",2,17,30,60,30,0,0,6,True,True
43,"CEN","TEXAS DOC- CENTRAL UNIT- SUGAR LAND","CENTRAL UNIT","1 CIRCLE DRIVE","SUGAR LAND","TX","77478","1111111111","HOD","HOD","CAF","S","Y",,"",2012-10-09 13:27:52,"HodskinS",True,"HOD",2,0,0,0,30,0,0,5,False,True
44,"CFC","CENTRAL FLORIDA RECEPTION CENTER","CENTRAL FLORIDA RECEPTION CENTER","7000 H.C. KELLEY ROAD","ORLANDO","FL","328618040","4072077777","MIA","MIA","CAF","S","Y",,"",2007-07-06 13:54:08,"ohs",True,"MIA",2,0,0,0,30,0,0,11,False,False
45,"CHA","ST. THOMAS, VIRGIN ISLANDS","IMMIGRATION COURT","1A NISKY CENTER SOUTH, 1ST FL.","ST. THOMAS","VI","008020000","8097741390","SAJ","SAJ","CAF","","Y",,"",2007-08-09 12:00:00,"ohs",True,"SAJ",2,17,30,30,30,0,0,3,False,True
46,"CHD","CHICAGO DETAINED","IMMIGRATION COURT","525 W. VAN BUREN, SUITE 500","CHICAGO","IL","60607","3126975800","CHI","CHI","CAF","","Y",,"",2011-12-02 15:14:31,"RauschE",True,"CHI",2,20,30,30,30,0,0,7,False,True
47,"CHI","CHICAGO, ILLINOIS","IMMIGRATION COURT","525 W. VAN BUREN, SUITE 500","CHICAGO","IL","60607","3126975800","CHI","CHI","CAF","","Y",,"",2011-12-02 15:13:31,"RauschE",True,"CHI",2,20,17,30,30,0,0,7,False,True
303,"CHL","CHARLOTTE","CHARLOTTE","5701 EXECUTIVE CENTER DR. #400","CHARLOTTE","NC","28212","7048146140","CHL","CHL","CAF","","Y",2008-09-05 09:47:16,"ohs",2011-05-23 12:02:13,"RauschE",True,"CHL",2,17,30,30,30,0,0,4,True,True
48,"CHM","CHAMPLAIN, NEW YORK - PORT OF ENTRY","** INACTIVE HEARING LOCATION **","ROUTES 15 AND U.S. I-87","CHAMPLAIN","NY","12919","5182982526","BUF","BUF","CAF","","N",,"",2006-10-26 15:15:35,"LeeSu",False,"BUF",2,0,0,0,30,0,0,2,True,True
49,"CHR","ST. CROIX, VIRGIN ISLANDS","IMMIGRATION COURT","3013 Estate Golden RockLot #13","Christiansted","VI","00820","7877494386","SAJ","SAJ","CAF","","Y",,"",2009-07-07 09:42:25,"MadanA",True,"SAJ",2,17,30,30,30,0,0,3,False,True
50,"CIN","CINCINNATI, OHIO","IMMIGRATION COURT","801 W. SUPERIOR AVE, STE13-100","CLEVELAND","OH","441131829","2166842939","WAS","WAS","WAS","","N",,"",2013-04-01 09:21:27,"ohs",True,"WAS",0,0,0,0,0,0,0,6,False,False
51,"CIT","CITRUS COUNTY DETENTION FACILITY","CORRECTIONS CORP. OF AM./WARDEN CARLOS MELENDEZ","2604 WEST WOODLAND RIDGE DRIVE","LECANTO","FL","34461","3535273332","KRO","KRO","CAF","","N",,"",2011-08-17 15:01:01,"RauschE",False,"KRO",2,0,0,0,30,0,0,11,False,False
52,"CKW","CHUCKAWALLA VALLEY STATE PRISON","CHUCKAWALLA VALLEY STATE PRISON","P.O. BOX 2289","BLYTHE","CA","92226","7609225300","IMP","IMP","CAF","S","Y",,"",2007-02-08 15:36:59,"LeeSu",True,"IMP",2,0,0,0,30,0,0,9,True,True
286,"CLD","CLEVELAND DETAINED LOCATION","IMMIGRATION COURT","801 W. SUPERIOR AVE, STE13-100","CLEVELAND","OH","441131829","2168021100","CLE","CLE","CAF","","Y",2006-10-20 13:55:43,"LeeSu",2007-08-09 17:23:15,"ohs",True,"CLE",0,0,0,0,0,0,0,6,False,True
53,"CLE","ARLINGTON, VIRGINIA","IMMIGRATION COURT","801 W. SUPERIOR AVE, STE13-100","CLEVELAND","OH","441131829","2168021100","WAS","WAS","CAF","","N",,"",2013-04-01 09:21:15,"ohs",True,"WAS",2,0,0,0,30,0,0,6,False,False
54,"CLI","NY DOC - CLINTON","NEW YORK DEPT. OF CORR. SERVICES","CLINTON CORRECTIONAL FACILITY","DANNEMORA","NY","129290000","1111111111","NEW","NEW","CAF","S","N",,"",2007-07-06 13:55:55,"ohs",True,"NEW",2,0,0,0,30,0,0,2,False,False
55,"CLM","CLEMENTS UNIT (TDCJ)- AMARILLO","CLEMENTS UNIT (TDCJ)","9601 N.E. 24TH AVENUE","AMARILLO","TX","79107","1111111111","HOU","HOU","CAF","S","Y",,"",2007-07-05 17:09:20,"ohs",True,"HOU",2,0,0,0,30,0,0,5,False,True
308,"CLN","CLINTON COUNTY PRISON","IMMIGRATION COURT","3400 CONCORD ROAD, SUITE 2","YORK","PA","17402","7177557555","YOR","YOR","CAF","","Y",2008-10-10 09:50:10,"HodskinS",2008-11-03 09:18:20,"HodskinS",True,"YOR",0,0,0,0,0,0,0,3,False,True
56,"CNS","CLEMENS UNIT- BRAZORIA","CLEMENS UNIT","RT. 1  BOX 1077","BRAZORIA","TX","77422","1111111111","HOU","HOU","CAF","S","Y",,"",2007-07-05 17:09:35,"ohs",True,"HOU",2,0,0,0,30,0,0,5,False,True
57,"CNT","CENTINELA CORRECTION FACILITY","CENTINELA CORRECTION FACILITY","2302 BROWN ROAD","IMPERIAL","CA","92251","7603378105","IMP","IMP","CAF","S","Y",,"",2007-02-08 15:35:58,"LeeSu",True,"IMP",2,0,0,0,30,0,0,9,True,True
58,"COF","TEXAS DOC- COFFIELD","TEXAS DEPARTMENT OF CORRECTIONS","COFFIELD UNIT","TENNESSEE COL.","TX","75861","2149282211","HOD","HOD","CAF","S","Y",,"",2012-10-09 13:28:25,"HodskinS",True,"HOD",2,0,0,0,30,0,0,5,False,True
59,"CON","MCDOUGAL-WALKER CORRECTIONAL INSTITUTION","MCDOUGAL-WALKER CORRECTIONAL INSTITUTION","450 Main Street, RM 628","Hartford","CT","06103","8606272100","HAR","HAR","CAF","S","Y",,"",2011-08-16 09:17:43,"HodskinS",True,"HAR",0,0,0,0,0,0,0,2,False,True
60,"CRC","WASHINGTON DOC - CRC","WASHINGTON DEPARTMENT OF CORRECTIONS","COYOTE RIDGE CORRECTION CENTER","AIRWAY HEIGHTS","WA","990011899","9999999999","SEA","SEA","CAF","S","Y",,"",2007-07-06 14:58:45,"ohs",True,"SEA",2,0,0,0,30,0,0,9,False,True
61,"CRP","U.S. PENITENTIARY, ADMIN. UNIT- TERRE HAUTE    ","U.S. PENITENTIARY, ADMINISTRATIVE UNIT            ","SOUTH 63 HIGHWAY              ","TERRE HAUTE    ","IN","47802","1111111111","WAS","WAS"," ","F","N",,"",2006-01-06 21:39:27,"fruehwad",False,"WAS",0,0,0,0,0,0,0,7,False,False
62,"CTU","ARIZONA STATE PRISON-CENTRAL UNIT","ARIZONA STATE PRISON-CENTRAL UNIT","1305 E. BUTTE AVE.","FLORENCE","AZ","85232","5208684011","FLO","FLO","CAF","S","Y",,"",2007-01-11 16:11:06,"LeeSu",True,"FLO",2,0,0,0,30,0,0,9,False,True
63,"CUB","U.S. PENIT - LEAVENWORTH (CUBAN)","UNITED STATES PENITENTIARY","1300 METROPOLITAIN AVENUE","LEAVENWORTH","KS","66048","1111111111","CHI","CHI","CAF","F","N",,"",2007-08-09 16:35:11,"ohs",False,"CHI",2,0,0,0,30,0,0,10,False,True
64,"DAD","DALLAS DETAINED","IMMIGRATION COURT","1100 COMMERCE ST., SUITE 1060","DALLAS","TX","75242","2147671814","DAL","DAL","CAF","","Y",,"",2013-03-18 09:51:15,"HodskinS",True,"DAL",2,0,0,0,30,0,0,5,False,True
65,"DAL","DALLAS, TEXAS","IMMIGRATION COURT","1100 COMMERCE ST., SUITE 1060","DALLAS","TX","75242","2147671814","DAL","DAL","CAF","","Y",,"",2013-03-18 09:50:16,"HodskinS",True,"DAL",2,17,30,0,30,0,0,5,False,True
66,"DAN","FCI DANBURY FEDERAL CORRECTIONAL INSTITUTION","FCI DANBURY FEDERAL CORRECTIONAL INSTITUTION","450 MAIN STREET, RM 628","Hartford","CT","06103","2037436471","HAR","DAN","CAF","F","Y",,"",2011-08-16 09:18:30,"HodskinS",True,"HAR",0,0,0,0,0,0,0,2,False,True
67,"DAR","DARRINGTON UNIT","DARRINGTON UNIT","ROUTE 3 BOX 5","ROSHARON","TX","77583","7135953465","HOU","HOU","CAF","S","Y",,"",2007-07-05 17:11:28,"ohs",True,"HOU",2,0,0,0,30,0,0,5,False,True
68,"DBD","DALLAS BOND HEARINGS","IMMIGRATION COURT","1100 COMMERCE ST., SUITE 4B41","DALLAS","TX","75242","2147671814","DAL","DAL","CAF","","N",,"",2007-07-05 16:55:34,"ohs",False,"DAL",2,0,0,0,30,0,0,5,False,False
69,"DCA","DC DEPARTMENT OF CORRECTIONS                   ","DC DEPARTMENT OF CORRECTIONS                      ","LORTON ROAD                   ","LORTON         ","VA","22079","1111111111","WAS","WAS"," ","S","Y",,"",2006-01-06 21:39:40,"fruehwad",False,"WAS",0,0,0,0,0,0,0,4,False,False
70,"DCC","DADE COUNTY CORRECTIONS- TURNER GUILFORD-KNIGHT","DADE COUNTY CORRECTIONS - TURNER GUILFORD-KNIGHT","7000 N.W. 41ST STREET","MIAMI","FL","33166","3055454755","MIA","MIA","CAF","M","N",,"",2008-01-24 10:19:06,"NongP",False,"MIA",2,0,0,0,30,0,0,11,False,False
71,"DCI","DADE CORRECTIONS","INACTIVE HEARING LOCATION","19000 SW 377TH ST.","FLORIDA CITY","FL","33034","1111111111","MIA","MIA","CAF","S","N",,"",2012-03-01 12:48:14,"HodskinS",False,"MIA",0,0,0,0,0,0,0,11,False,False
72,"DCV","DENTON COUNTY VIDEO","IMMIGRATION COURT","1100 COMMERCE ST., SUITE 4B41","DALLAS","TX","75242","9999999999","DAL","DAL","CAF","","N",,"",2007-07-05 16:55:49,"ohs",False,"DAL",2,0,0,0,30,0,0,5,False,False
73,"DED","DETROIT DETAINEES","IMMIGRATION COURT","477 MICHIGAN AVENUE, SUITE 440","DETROIT","MI","48226","3132262603","DET","DET","CAF","","Y",,"",2007-09-13 14:57:39,"ohs",True,"DET",2,17,30,60,30,0,0,6,False,True
74,"DEL","DELAWARE DEPARTMENT OF CORRECTIONS","DELAWARE DEPARTMENT OF CORRECTIONS","DELAWARE CORRECTIONAL CENTER","SMYRNA","DE","19977","3026539261","BAL","BAL","CAF","S","Y",,"",2006-07-07 16:16:31,"LeeSu",True,"BAL",0,0,0,0,0,0,0,3,False,True
75,"DEN","DENVER, COLORADO","US IMMIGRATION COURT","621 17TH STREET, SUITE 300","DENVER","CO","80293","3038445815","DEN","DEN","CAF","","Y",,"",2011-01-26 13:10:02,"ohs",True,"DEN",2,17,30,60,30,0,0,10,True,True
76,"DET","DETROIT, MICHIGAN","IMMIGRATION COURT","477 MICHIGAN AVENUE, SUITE 440","DETROIT","MI","48226","3132262603","DET","DET","CAF","","Y",,"",2007-09-13 14:58:04,"ohs",True,"DET",2,17,30,60,30,0,0,6,False,True
328,"DLH","DELANEY HALL","IMMIGRATION COURT","625 EVANS STREET RM. 148A","ELIZABETH","NJ","07201","9087871390","ELZ","ELZ","CAF","","Y",2011-09-30 15:18:01,"RauschE",2011-10-12 15:01:51,"RauschE",True,"ELZ",2,0,0,0,30,0,0,3,True,True
77,"DON","CALIFORNIA DOC- SAN YSIDRO","CALIFORNIA DEPARTMENT OF CORRECTIONS","R.J. DONOVAN CORR. FACILITY","SAN DIEGO","CA","92139","1111111111","SND","SND","CAF","S","Y",,"",2007-02-08 15:56:21,"LeeSu",True,"SND",2,0,0,0,30,0,0,9,False,True
295,"DOT","DALLAS OTHER DETAINED","IMMIGRATION COURT","1100 COMMERCE ST., SUITE 1060","DALLAS","TX","75242","2147671814","DAL","DAL","CAF","","Y",2007-09-10 11:59:19,"PiliO",2013-03-18 09:48:11,"DoanT",True,"DAL",2,0,0,0,30,0,0,5,False,True
78,"DOU","ARIZONA DOC- DOUGLAS","ARIZONA DEPARTMENT OF CORRECTIONS","STATE PRISON COMPLEX - DOUGLAS","DOUGLAS","AZ","856083867","1111111111","PHO","PHO","CAF","S","Y",,"",2007-01-12 15:23:51,"LeeSu",True,"PHO",2,0,0,0,30,0,0,9,False,True
79,"EAF","ELOY-FLORENCE DETENTION CENTER                 ","IMMIGRATION COURT                                 ","3260 NORTH PINAL PARKWAY      ","FLORENCE       ","AZ","85323","5208683341","ELO","ELO"," "," ","Y",,"",2004-09-21 14:24:37,"NongP",True,"ELO",0,0,0,0,0,0,0,9,False,False
80,"EAZ","ELOY INS DETENTION CENTER","IMMIGRATION COURT","1705 EAST HANNA RD., SUITE 366","ELOY","AZ","85131","5204663671","ELO","ELO","CAF","","Y",,"",2009-07-21 15:58:12,"MadanA",True,"ELO",0,0,0,0,0,0,0,9,False,False
81,"EDN","EDEN, TEXAS","IMMIGRATION COURT","1100 COMMERCE ST., SUITE 1060","DALLAS","TX","75242","9158695301","DAL","DAL","CAF","F","Y",,"",2013-03-18 09:50:47,"HodskinS",True,"DAL",2,0,0,0,30,0,0,5,False,True
82,"EGP","EAGLE PASS, TEXAS","OFFICE OF THE IMMIGRATION JUDGE","NOT ACTIVE","EAGLE PASS","TX","78852","1111111111","SNA","SNA","CAF","","N",,"",2007-05-07 08:40:05,"ohs",False,"SNA",0,0,0,0,0,0,0,5,False,False
83,"ELC","EL CENTRO, CALIFORNIA","IMMIGRATION COURT","1115 NORTH IMPERIAL AVE","EL CENTRO","CA","92243","7603550070","IMP","ELC","CAF","","Y",,"",2009-09-28 12:45:27,"MadanA",True,"IMP",2,0,0,0,30,0,0,9,True,True
84,"ELL","TEXAS DOC- ELLIS","TEXAS DEPARTMENT OF CORRECTIONS","ELLIS II UNIT","HUNTSVILLE","TX","77340","4092914200","HOD","HOD","CAF","S","Y",,"",2012-10-09 13:28:41,"HodskinS",True,"HOD",2,0,0,0,30,0,0,5,False,True
85,"ELO","ELOY BUREAU OF PRISONS FACILITY","IMMIGRATION COURT","1705 E. HANNA RD.","ELOY","AZ","85131","5204663671","ELO","ELO","CAF","F","Y",,"",2010-07-14 10:01:45,"HodskinS",True,"ELO",0,0,0,0,0,0,0,9,False,False
86,"ELP","EL PASO, TEXAS","IMMIGRATION COURT","700 E. SAN ANTONIO, SUITE 750","EL PASO","TX","79901","9157824550","ELP","ELP","CAF","","Y",,"",2008-03-10 14:57:18,"NongP",True,"ELP",2,17,30,30,30,0,0,5,False,True
87,"ELZ","ELIZABETH DETENTION CENTER","IMMIGRATION COURT","625 EVANS STREET, ROOM 148A","ELIZABETH","NJ","072010000","2016454551","ELZ","ELZ","CAF","","Y",,"",2011-11-10 13:38:54,"HodskinS",True,"ELZ",2,0,0,0,30,0,0,3,False,False
88,"ENW","FED. CORR. ENGLEWOOD","** INACTIVE HEARING LOCATION **","9595 W. QUINCY AVE.","LITTLETON","CO","80123","1111111111","DEN","DEN","CAF","F","N",,"",2007-09-13 16:27:26,"ohs",True,"DEN",2,0,0,0,30,0,0,10,False,True
89,"EOC","OREGON DOC, EASTERN OREGON CORR. INS- PENDLETON","OREGON DEPT. OF CORR., EASTERN OREGON CORR. INST.","2500 WESTGATE","PENDLETON","OR","97801","5412783606","POO","EOC","CAF","S","Y",,"",2012-02-24 11:36:58,"DoanT",True,"POO",0,0,0,0,0,0,0,9,False,True
90,"EPD","EL PASO SERVICE PROCESSING CENTER","EL PASO SERVICE PROCESSING CENTER","8915 MONTANA AVENUE","EL PASO","TX","79925","9155407854","ELP","EPD","CAF","","Y",,"",2007-04-13 15:55:28,"NongP",True,"ELP",2,0,0,0,30,0,0,5,False,True
91,"ESS","ESSEX COUNTY HOUSE OF CORRECTIONS","ESSEX COUNTY HOUSE OF CORRECTIONS","20 MANNING AVENUE","MIDDLETON","MA","019490000","1111111111","BOS","BOS","CAF","S","Y",,"",2007-07-26 14:38:02,"ohs",True,"BOS",2,0,0,0,30,0,0,1,True,True
92,"FER","TEXAS DOC- FERGUSON","TEXAS DEPARTMENT OF CORRECTIONS","FERGUSON UNIT","MIDWAY","TX","75852","4093483751","HOD","HOD","CAF","S","Y",,"",2012-10-09 13:29:01,"HodskinS",True,"HOD",2,0,0,0,30,0,0,5,False,True
93,"FLO","FLORENCE, ARIZONA","INS SERVICE CENTER - IMMIGRATION COURT","3260 NORTH PINAL PARKWAY","FLORENCE","AZ","85132","5208683341","FLO","FLO","CAF","","Y",,"",2010-02-13 09:03:33,"HodskinS",True,"FLO",2,0,0,0,30,0,0,9,True,True
94,"FLR","ARIZONA DOC- FLORENCE","ARIZONA DEPARTMENT OF CORRECTIONS","STATE PRISON COMPLEX-FLORENCE","FLORENCE","AZ","85232","1111111111","PHO","FLO","CAF","S","N",,"",2007-01-12 15:25:50,"LeeSu",False,"PHO",2,0,0,0,30,0,0,9,False,True
95,"FRE","COLORADO DOC- TERRITORIAL","COLORADO DEPARTMENT OF CORRECTIONS","TERRITORIAL CORREC. FACILITY","CANON CITY","CO","81212","3032754043","DEN","DEN","CAF","S","Y",,"",2007-09-13 16:27:03,"ohs",True,"DEN",2,0,0,0,30,0,0,10,False,True
96,"FSP","FLORIDA STATE PRISON","FLORIDA STATE PRISON","FLORIDA STATE PRISON","STARKE","FL","32091","1111111111","MIA","MIA","CAF","S","N",,"",2008-01-24 10:19:27,"NongP",False,"MIA",2,0,0,0,30,0,0,11,False,False
332,"FVD","IMMIGRATION CENTER OF AMERICA (FARMVILLE)","FARMVILLE REGIONAL JAIL","580 WATERWORKS ROAD","FARMVILLE","VA","23901","4343958114","WAS","FVD","CAF","M","Y",2012-05-09 12:52:19,"DoanT",2013-04-01 09:21:53,"ohs",True,"WAS",2,0,0,0,30,0,0,4,True,False
336,"GAL","CHILDREN CENTER","IMMIGRATION COURT","600 JEFFERSON, SUITE 900","HOUSTON","TX","77002","4097651440","HOU","HOU","CAF","","Y",2013-03-12 15:17:04,"DoanT",2013-04-04 13:04:35,"DoanT",True,"HOU",2,17,30,0,30,0,0,5,False,True
296,"GCP","GLADES COUNTY PRISON","KROME IMMIGRATION COURT","599 AVENUE J S.W.","MOOREHAVEN","FL","33471","8362270982","KRO","KRO","CAF","","Y",2007-10-23 11:27:25,"HodskinS",2007-10-24 16:36:27,"NongP",True,"KRO",0,0,0,0,0,0,0,11,False,True
97,"GEO","GEORGIA DEPARTMENT OF CORRECTIONS- DIAGNOSTIC","GEORGIA DEPARTMENT OF CORRECTIONS- DIAGNOSTIC","P.O. BOX 3877","JACKSON","GA","302331111","1111111111","ATL","ATL","CAF","S","Y",,"",2007-07-26 14:43:04,"ohs",True,"ATL",2,0,0,0,30,0,0,11,False,True
98,"GHN","GREEN HAVEN CORRECTIONAL FACILITY","GREEN HAVEN CORRECTIONAL FACILITY","ROUTE 216","STORMVILLE","NY","125820000","1111111111","NEW","NEW","CAF","S","N",,"",2007-07-06 13:56:08,"ohs",True,"NEW",2,0,0,0,30,0,0,2,False,False
99,"GUA","AGANA, GUAM - DEPARTMENT OF CORRECTIONS","AGANA, GUAM - DEPARTMENT OF CORRECTIONS","108 HERNAN CORTEZ AVE., 1ST FL","HAGATNA","GU","96910","6717343181","AGA","HON","CAF","","Y",,"",2007-01-12 16:21:17,"LeeSu",True,"AGA",2,0,0,0,30,0,0,9,False,True
100,"HAG","MARYLAND CORRECTIONAL INSTITUTE","MARYLAND CORRECTIONAL INSTITUTE","18601 ROXBURY ROAD","HAGERSTOWN","MD","21746","9999999999","BAL","BAL","CAF","S","Y",,"",2006-07-07 16:18:01,"LeeSu",True,"BAL",0,0,0,0,0,0,0,4,False,True
327,"HAM","HAMPDEN COUNTY JAIL","IMMIGRATION COURT","627 RANDALL ROAD","LUDLOW","MA","01056","4135478000","BOS","HAM","CAF","S","Y",2011-08-02 13:13:42,"RauschE",2011-08-02 13:13:42,"",True,"BOS",2,0,0,0,15,0,0,1,True,True
101,"HAR","HARTFORD, CONNECTICUT","IMMIGRATION COURT","450 MAIN ST., ROOM 628","HARTFORD","CT","061033015","8602403881","HAR","HAR","CAF","","Y",,"",2011-08-16 09:18:16,"HodskinS",True,"HAR",0,0,0,0,0,0,0,2,False,True
102,"HAS","ROLLING PLAINS DETENTION CENTER","IMMIGRATION COURT","1100 COMMERCE ST., SUITE 1060","DALLAS","TX","75242","9408645694","DAL","DAL","CAF","","Y",,"",2013-03-18 09:57:15,"HodskinS",True,"DAL",2,0,0,0,30,0,0,5,False,True
103,"HAW","HAWAII DEPARTMENT OF CORRECTIONS","HAWAII DEPARTMENT OF CORRECTIONS","300 ALA MOANA BLVD., RM 8-112","HONOLULU","HI","96850","1111111111","HON","HON","CAF","","Y",,"",2007-01-12 16:16:42,"LeeSu",True,"HON",2,0,0,0,30,0,0,9,False,True
104,"HDQ","FALLS CHURCH, VIRGINIA","HEADQUARTERS IMMIGRATION COURT","5107 LEESBURG PK., SUITE 1850","FALLS CHURCH","VA","22041","7033050273","HDQ","HDQ","CAF","","Y",,"",2010-04-09 13:14:18,"HodskinS",False,"HDQ",2,17,45,30,30,0,0,4,False,False
105,"HEL","HELENA, MONTANA","IMMIGRATION COURT","2800 SKYWAY DRIVE","HELENA","MT","59602","4064952170","POO","POO","CAF","","Y",,"",2012-02-24 11:40:50,"DoanT",True,"POO",0,0,0,0,0,0,0,9,False,True
106,"HEN","HENDRY CORR. INST.","** INACTIVE HEARING LOCATION **","HENDRY CORR. INST.","IMMOKALEE","FL","33934","1111111111","MIA","MIA","CAF","S","N",,"",2010-07-02 11:05:40,"HodskinS",False,"MIA",0,0,0,0,0,0,0,11,False,False
107,"HLG","HARLINGEN, TEXAS","IMMIGRATION COURT","2009 W. JEFFERSON AVE, STE 300","HARLINGEN","TX","78550","9564278580","HLG","HLG","CAF","","Y",,"",2007-07-05 16:59:03,"ohs",True,"HLG",2,17,30,30,30,0,0,5,False,True
108,"HND","HONOLULU, PRISON DETAINEES - PJKK FEDERAL BLDG.","IMMIGRATION COURT","300 ALA MOANA BLVD., RM 8-112","HONOLULU","HI","96850","8085411870","HON","HND","CAF","","Y",,"",2007-01-12 16:19:00,"LeeSu",True,"HON",2,0,0,0,30,0,0,9,False,True
109,"HOD","HOUSTON SERVICE PROCESSING CENTER","IMMIGRATION COURT","5520 GREENS ROAD","HOUSTON","TX","77032","2819872112","HOD","HOD","CAF","","Y",,"",2010-09-19 01:58:47,"HuangC",True,"HOD",2,0,0,0,30,0,0,5,False,True
110,"HON","HONOLULU, HAWAII","IMMIGRATION COURT","300 ALA MOANA BLVD., RM 8-112","HONOLULU","HI","96850","8085411870","HON","HON","CAF","","Y",,"",2007-01-12 16:17:58,"LeeSu",True,"HON",2,17,30,21,30,0,0,9,False,True
111,"HOU","HOUSTON, TEXAS","IMMIGRATION COURT","600 JEFFERSON, SUITE 900","HOUSTON","TX","770027363","7137183870","HOU","HOU","CAF","","Y",,"",2011-10-21 15:47:32,"RauschE",True,"HOU",2,17,30,0,30,0,0,5,False,True
330,"HRD","HAMPTON ROADS REGIONAL JAIL","HAMPTON ROADS REGIONAL JAIL","2690 ELMHURST LANE","PORTSMOUTH","VA","23701","7574887500","WAS","HRD","CAF","M","Y",2012-05-09 12:43:15,"DoanT",2013-04-01 09:21:35,"ohs",True,"WAS",2,0,0,0,30,0,0,4,True,False
112,"HUG","HUGHES INSTITUTION","TEXAS DEPARTMENT OF CORRECTIONS","HUGHES INSTITUTION","GATESVILLE","TX","76528","1111111111","HOD","HOD","CAF","S","Y",,"",2012-10-09 13:24:12,"HodskinS",True,"HOD",2,0,0,0,30,0,0,5,False,True
113,"HUN","TEXAS DOC- HUNTSVILLE","TEXAS DEPARTMENT OF CORRECTIONS","7405 C-2 HWY 75 SOUTH","HUNTSVILLE","TX","77340","4092951253","HOD","HOD","CAF","S","Y",,"",2010-09-19 01:59:00,"HuangC",True,"HOD",2,0,0,0,30,0,0,5,False,True
292,"HUT","T. DON HUTTO RESIDENTIAL","IMMIGRATION COURT","1001 WELCH STREET","TAYLOR","TX","76574","5122183100","SNA","SNA","CAF","","Y",2007-05-01 14:44:11,"NongP",2007-07-06 14:03:57,"ohs",True,"SNA",2,0,0,0,30,0,0,5,False,True
114,"IDA","IDAHO STATE CORRECTIONAL INSTITUTION","IDAHO STATE CORRECTIONAL INSTITUTION","13400 PLEASANT VALLEY RD.","KUNA","ID","83634","208336740","POO","POO","CAF","S","Y",,"",2012-02-24 11:43:28,"DoanT",True,"POO",0,0,0,0,0,0,0,9,False,True
115,"IMP","IMPERIAL, CALIFORNIA","OFFICE OF THE IMMIGRATION JUDGE","2409 LA BRUCHERIE ROAD","IMPERIAL","CA","92251","7603705200","IMP","IMP","CAF","","Y",,"",2011-10-07 13:16:56,"HodskinS",True,"IMP",2,17,30,30,30,0,0,9,True,True
116,"IOW","IOWA DEPARTMENT OF CORRECTIONS","IMMIGRATION COURT","510 EAST 12TH STREET","DES MOINES","IA","50319","5157255707","OMA","OMA","CAF","S","Y",,"",2008-11-03 13:47:09,"HodskinS",True,"OMA",20,0,0,0,30,0,0,8,False,True
117,"IRN","IRONWOOD STATE PRISON","IRONWOOD STATE PRISON","P.O. BOX 2289","BLYTHE","CA","92226","7609213000","IMP","IMP","CAF","S","Y",,"",2007-02-08 15:45:39,"LeeSu",True,"IMP",2,0,0,0,30,0,0,9,True,True
118,"IYC","INDIANA YOUTH CENTER","INDIANA YOUTH CENTER","727 MOON ROAD","PLAINFIELD","IN","46168","3178392513","CHI","CHI","CAF","S","Y",,"",2007-08-09 16:39:33,"ohs",True,"CHI",2,0,0,0,30,0,0,7,False,True
119,"JAM","QUEENS WACKENHUT FACILITY","IMMIGRATION COURT","182-22 150TH AVENUE","JAMAICA","NY","114130000","7189955323","ELZ","JAM","CAF","","Y",,"",2007-07-05 16:58:23,"ohs",True,"ELZ",2,0,0,0,30,0,0,2,False,False
312,"JCD","JOE CORLEY DETENTION FACILITY","IMMIGRATION COURT","500 HILBIG ROAD","CONROE","TX","77301","9365214000","HOD","JCD","CAF","","Y",2008-11-13 13:52:55,"HodskinS",2012-10-09 13:24:43,"HodskinS",True,"HOD",2,0,0,0,30,0,0,5,False,True
319,"JCJ","JOHNSON COUNTY JAIL","IMMIGRATION COURT","1100 COMMERCE ST., SUITE 1060","DALLAS","TX","75242","8175566091","DAL","DAL","CAF","","Y",2010-05-17 16:38:20,"RauschE",2013-03-18 09:56:56,"HodskinS",True,"DAL",2,0,0,0,30,0,0,5,False,True
300,"JNA","LASALLE DETENTION FACILITY","IMMIGRATION COURT","1900 EAST WHATLEY ROAD","OAKDALE","LA","71463","3183350365","OAK","OAK","CAF","","Y",2008-01-03 09:29:53,"NongP",2008-01-15 15:55:36,"HodskinS",True,"OAK",0,0,0,0,30,0,0,5,False,True
306,"KAD","KANSAS CITY IMMIGRATION COURT - DETAINED","KANSAS CITY IMMIGRATION COURT - DETAINED","2345 GRAND BOULEVARD, STE 525","Kansas City","MO","64108","3123537313","KAN","KAN","CAF","","Y",2008-09-20 09:18:05,"fruehwad",2011-12-19 11:02:30,"RauschE",True,"KAN",0,0,0,0,15,0,0,8,False,True
120,"KAN","KANSAS CITY, MISSOURI","IMMIGRATION COURT","2345 GRAND BLVD., STE 525","KANSAS CITY","MO","64108","8168515000","KAN","KAN","CAF","","Y",,"",2008-09-29 10:02:43,"NongP",True,"KAN",2,17,30,30,30,0,0,8,False,True
121,"KEN","KENTUCKY DOC, BLACKBURN CORRECTIONAL COMPLEX","*","3111 SPURR ROAD","LEXINGTON","KY","40511","6062542791","DET","DET","CAF","S","N",,"",2007-09-13 14:58:20,"ohs",True,"DET",2,0,0,0,30,0,0,6,False,True
325,"KRN","KARNES COUNTY CORRECTION CENTER","IMMIGRATION COURT","810 COMMERCE STREET","KARNES CITY","TX","78118","830-780-35","SNA","SNA","CAF","","Y",2011-07-12 14:27:40,"RauschE",2011-07-12 14:27:40,"",True,"SNA",2,0,0,0,30,0,0,5,True,True
122,"KRO","KROME NORTH SERVICE PROCESSING CENTER","KROME IMMIGRATION COURT","18201 S.W. 12TH ST","MIAMI","FL","33194","3055307196","KRO","KRO","CAF","","Y",,"",2007-12-13 16:49:57,"fruehwad",True,"KRO",2,0,0,0,30,0,0,11,False,True
123,"KSP","KANSAS DEPARTMENT OF CORRECTIONS","LANSING CORRECTIONAL FACILITY","P.O. BOX 2 KANSAS AVE & HWY 7","LANSING","KS","66043","9137273235","KAN","KAN","CAF","S","Y",,"",2008-09-20 09:22:09,"fruehwad",True,"KAN",2,0,0,0,30,0,0,10,False,True
274,"LA3","LOS ANGELES 3","IMMIGRATION COURT","300 NO LOS ANGELES ST. RM 4330","LOS ANGELES","CA","90012","9999999999","LOS","LA3","CAF","","Y",2005-03-31 10:16:32,"Forsmany",2010-01-21 13:32:51,"MadanA",True,"LA3",2,17,27,27,20,0,0,9,False,False
124,"LAC","LOS ANGELES COUNTY CENTRAL JAIL","LOS ANGELES COUNTY CENTRAL JAIL","441 BAUCHET STREET","LOS ANGELES","CA","90012","9999999999","LOS","LOS","CAF","M","Y",,"",2007-03-13 13:57:50,"LeeSu",True,"LOS",2,0,0,0,30,0,0,9,False,False
125,"LAN","MIRA LOMA DETENTION FACILITY","IMMIGRATION COURT","45100 60TH ST., WEST","LANCASTER","CA","93536","6619428633","ADL","ADL","CAF","","Y",,"",2013-05-10 16:58:14,"HodskinS",True,"ADL",0,0,0,0,0,0,0,9,True,True
126,"LAR","LAREDO, TEXAS - DETENTION FACILITY","IMMIGRATION COURT","LAREDO SPC - 4702 E. SAUNDERS","LAREDO","TX","78041","2104726637","SNA","SNA","CAF","","Y",,"",2007-07-06 14:03:36,"ohs",True,"SNA",2,0,0,0,30,0,0,5,False,True
127,"LAT","BOP- LA TUNA","BUREAU OF PRISONS","FED. CORR. INSTI. - LA TUNA","ANTHONY","TX","88021","9158863422","ELP","ELP","CAF","F","Y",,"",2007-03-12 08:12:16,"LeeSu",True,"ELP",2,0,0,0,30,0,0,5,False,True
290,"LCP","LACKAWANNA COUNTY PRISON","LACKAWANNA COUNTY PRISON","3400 CONCORD ROAD., SUITE 2","YORK","PA","17402","7177557555","YOR","YOR","CAF","","Y",2006-12-18 13:35:25,"LeeSu",2007-05-31 11:05:00,"ohs",True,"YOR",0,0,0,0,0,0,0,3,False,True
128,"LEH","LEHIGH COUNTY JAIL","(DETAINED CHINESE ALIENS - NON-CAP)","38 NORTH FOURTH ST.","ALLENTOWN","PA","181020000","9999999999","NEW","NEW","CAF","","Y",,"",2007-07-06 13:56:31,"ohs",True,"NEW",2,17,30,30,30,0,0,3,False,False
129,"LEV","UNITED STATES PENITENTIARY- LEAVENWORTH","UNITED STATES PENITENTIARY","1300 METROPOLITAN AVENUE","LEAVENWORTH","KS","66048","9136828700","CHI","CHI","CAF","F","Y",,"",2007-08-09 16:40:37,"ohs",True,"CHI",2,0,0,0,30,0,0,10,False,True
130,"LEW","ARIZONA STATE PRISON COMPLEX - LEWIS","ARIZONA STATE PRISON COMPLEX - LEWIS","26700 S. HIGHWAY 85","BUCKEYE","AZ","85326","1111111111","PHO","PHO","CAF","S","Y",,"",2007-01-12 15:28:10,"LeeSu",True,"PHO",2,0,0,0,0,0,0,9,False,True
131,"LEX","FEDERAL CORR. INST.- LEXINGTON","FEDERAL CORRECTIONAL INSTITUTION","3301 LEESTOWN PIKE","LEXINGTON","KY","40511","9999999999","CHI","CHI","CAF","F","N",,"",2007-08-09 14:49:02,"ohs",False,"CHI",2,0,0,0,30,0,0,6,False,True
283,"LGD","STEWART DETENTION CENTER - LUMPKIN GEORGIA","U.S. IMMIGRATION COURT","146 CCA ROAD","LUMPKIN","GA","31815","2298381320","SDC","LGD","CAF","","Y",2006-08-21 11:43:13,"ohs",2010-01-07 15:34:13,"MadanA",True,"LGD",2,0,0,0,30,0,0,11,False,True
132,"LNA","LOUISIANA DEPARTMENT OF CORRECTIONS","LOUISIANA DEPARTMENT OF CORRECTIONS","1900 EAST WHATLEY ROAD","OAKDALE","LA","71463","1111111111","OAK","OAK","CAF","S","Y",,"",2008-01-15 15:53:25,"HodskinS",True,"OAK",0,0,0,0,30,0,0,5,False,True
133,"LOM","LOMPOC FEDERAL CORRECTIONAL INSTITUTION","IMMIGRATION COURT","3600 GUARD ROAD","LOMPOC","CA","93436","8057364154","ADL","ADL","CAF","F","Y",,"",2013-05-10 16:57:52,"HodskinS",True,"ADL",0,0,0,0,0,0,0,9,True,True
134,"LOP","UNITED STATES PENITENTIARY - LOMPOC","UNITED STATES PENITENTIARY - LOMPOC","3901 KLEIN BLVD.","LOMPOC","CA","93436","9999999999","ADL","ADL","CAF","F","Y",,"",2013-05-10 16:58:39,"HodskinS",True,"ADL",0,0,0,0,0,0,0,9,True,True
135,"LOS","LOS ANGELES, CALIFORNIA","IMMIGRATION COURT","606 SOUTH OLIVE ST.","LOS ANGELES","CA","90014","2138942811","LOS","LOS","CAF","","Y",,"",2011-06-13 14:53:26,"KhanS",True,"LOS",2,17,27,27,20,0,0,9,False,False
136,"LOU","LOUISVILLE, KENTUCKY","IMMIGRATION COURT","654 S. 7TH ST. EOIR HEARING RM","LOUISVILLE","KY","40203","1111111111","MEM","MEM","CAF","","Y",,"",2011-12-14 16:34:26,"NongP",True,"MEM",2,17,30,17,30,0,0,6,False,True
137,"LSJ","PAM LYCHNER FACILITY (STATE JAIL)","IMMIGRATION COURT","2350 ATASCOCITA ROAD","HUMBLE","TX","77396","2814545036","HOD","HUN","CAF","S","Y",,"",2012-10-09 13:25:26,"HodskinS",True,"HOD",2,0,0,0,30,0,0,5,False,True
138,"LVG","LAS VEGAS, NEVADA","IMMIGRATION COURT","3365 PEPPER LANE, SUITE 200","LAS VEGAS","NV","89120","702458227","LVG","LVG","CAF","","Y",,"",2006-09-06 15:58:20,"LeeSu",True,"LVG",0,0,0,0,0,0,0,9,False,True
139,"MAE","MAINE DEPARTMENT OF CORRECTIONS","MAINE DEPARTMENT OF CORRECTIONS","MAINE STATE PRISON","THOMASTON","ME","048610000","1111111111","BOS","BOS","CAF","S","Y",,"",2007-07-26 14:38:32,"ohs",True,"BOS",2,0,0,0,30,0,0,1,True,True
140,"MAR","MARTIN CORR. INST","** INACTIVE HEARING LOCATION **","1150 SW ALLAPATTAH RD","INDIANTOWN","FL","33456","1111111111","MIA","MIA","CAF","S","N",,"",2007-06-18 17:11:24,"ohs",False,"MIA",0,0,0,0,0,0,0,11,False,False
141,"MAS","MASSACHUSETTS DEPARTMENT OF CORRECTIONS","MASSACHUSETTS DEPARTMENT OF CORRECTIONS","MCI CONCORD - 965 ELM STREET","CONCORD","MA","017420000","1111111111","BOS","BOS","CAF","S","Y",,"",2007-07-26 14:38:38,"ohs",True,"BOS",2,0,0,0,30,0,0,1,True,True
142,"MAX","MARYLAND CORR ADJUSTMENT CENTER (SUPERMAX)","MARYLAND CORR ADJUSTMENT CENTER (SUPERMAX)","946 FOREST STREET","BALTIMORE","MD","21202","9999999999","BAL","BAL","CAF","S","N",,"",2006-07-07 16:19:48,"LeeSu",True,"BAL",0,0,0,0,0,0,0,4,False,True
143,"MCC","MARION COUNTY CORRECTIONAL FACILITY            ","MARION COUNTY CORRECTIONAL FACILITY               ","4000 AUMSVILLE HWY. SE        ","SALEM          ","OR","97301","1111111111","POO","MCC"," ","M","Y",,"",2004-09-21 16:19:23,"NongP",True,"POO",0,0,0,0,0,0,0,9,False,False
144,"MCD","MONROE COUNTY DETENTION CTR AND SHERIFF OFFICE","IMMIGRATION COURT","5501 COLLEGE ROAD","KEY WEST","FL","33041","3052927027","KRO","KRO","CAF","","Y",,"",2007-07-05 17:13:52,"ohs",True,"KRO",2,0,0,0,30,0,0,11,False,False
145,"MEM","MEMPHIS, TENNESSEE","IMMIGRATION COURT","167 N. MAIN STREET, ROOM 460","MEMPHIS","TN","381030000","9015443818","MEM","MEM","CAF","","Y",,"",2010-08-09 15:37:00,"HodskinS",True,"MEM",2,17,30,17,30,0,0,6,False,True
146,"MEN","MENARD CORR. CTR.","** INACTIVE HEARING LOCATION **","MENARD CORR. CTR.","MENARD","IL","33456","1111111111","CHI","CHI","CAF","S","N",,"",2007-08-09 16:39:58,"ohs",False,"CHI",2,0,0,0,30,0,0,7,False,True
147,"MET","MEMPHIS, TENNESSEE","** INACTIVE HEARING LOCATION **","167 N. MAIN ST., SUITE 1026","MEMPHIS","TN","381340000","9047662909","MEM","MET","CAF","","N",,"",2007-07-06 09:43:43,"ohs",False,"MEM",0,0,0,0,0,0,0,6,False,False
148,"MHD","NY CITY JAIL, MANHATTAN HOUSE OF DETENTION","** INACTIVE HEARING LOCATION **","125 WHITE ST.","NEW YORK","NY","10013","9999999999","NYD","NYC","CAF","M","Y",,"",2006-10-26 15:04:18,"LeeSu",False,"NYD",0,0,0,0,0,0,0,2,False,True
149,"MIA","MIAMI, FLORIDA","IMMIGRATION COURT","333 SOUTH MIAMI AVE., STE.700","MIAMI","FL","331301904","3057894221","MIA","MIA","CAF","","Y",,"",2009-04-21 10:30:58,"KumarA",True,"MIA",2,30,30,0,30,0,0,11,False,False
150,"MIC","MICHIGAN DEPT. OF CORR., PRISON OF SO. MICHIGAN","MICHIGAN DEPT. OF CORR., PRISON OF SO. MICHIGAN","4000 COOPER STREET","JACKSON","MI","49201","1111111111","DET","DET","CAF","S","Y",,"",2007-09-13 14:58:29,"ohs",True,"DET",2,0,0,0,30,0,0,6,False,True
151,"MIL","MILWAUKEE, WISCONSIN","NOT ACTIVE","NOT ACTIVE","NOT ACTIVE","WI","53202","4143623560","CHI","CHI","CAF","","N",,"",2009-09-10 09:35:30,"HodskinS",False,"CHI",30,0,0,0,30,0,0,7,False,True
152,"MIN","MINNESOTA CORRECTIONAL FACILITY","MINNESOTA CORRECTIONAL FACILITY","970 PICKETT ST. N","BAYPORT","MN","550031490","1111111111","BLM","BLM","CAF","S","Y",,"",2007-02-09 16:14:19,"LeeSu",True,"BLM",2,0,0,0,30,0,0,8,False,True
153,"MIS","MISSISSIPPI DEPARTMENT OF CORRECTIONS","MISSISSIPPI DEPARTMENT OF CORRECTIONS","RANKIN COUNTY CORR. FACILITY","PEARL","MS","39208","1111111111","OAK","OAK","CAF","S","Y",,"",2006-11-22 15:54:11,"ohs",True,"OAK",0,0,0,0,30,0,0,5,False,True
154,"MLD","MARYLAND DOC- JESSUP","MARYLAND DEPARTMENT OF CORRECTIONS","MARYLAND CORR. INSTITUTION","JESSUP","MD","20794","1111111111","BAL","BAL","CAF","S","Y",,"",2006-07-07 16:18:16,"LeeSu",True,"BAL",0,0,0,0,0,0,0,4,False,True
155,"MNT","MONTANA STATE PENITENTIARY","MONTANA DEPT. OF CORR., MONTANA STATE PRISON","400 CONELY LAKE RD.","DEER LODGE","MT","59722","4068461320","POO","POO","CAF","S","Y",,"",2012-02-24 13:25:32,"DoanT",True,"POO",0,0,0,0,0,0,0,9,False,True
156,"MOD","MONROE COUNTY SHERIFF'S DEPARTMENT DORMITORY","IMMIGRATION COURT","7000 E. DUNBAR","MONROE","MI","48162","9999999999","DET","DET","CAF","","Y",,"",2007-09-13 14:58:44,"ohs",True,"DET",2,0,0,0,30,0,0,6,False,True
157,"MON","WASHINGTON DOC- MONROE","WASHINGTON DEPARTMENT OF CORRECTIONS","WASHINGTON STATE REFORMATORY","MONROE","WA","98272","2067942643","SEA","SEA","CAF","S","Y",,"",2007-07-06 13:59:35,"ohs",True,"SEA",2,0,0,0,30,0,0,9,False,True
291,"MOS","MOSHANNON VALLEY CORRECTIONAL FACILITY","MOSHANNON VALLEY CORRECTIONAL FACILITY","555 CORNELL DRIVE","PHILIPSBURG","PA","16866","5705476903","YOR","YOR","CAF","F","Y",2006-12-18 13:38:03,"LeeSu",2007-05-31 11:04:47,"ohs",True,"YOR",2,0,0,0,30,0,0,3,False,True
158,"MOU","MISSOURI DEPARMENT OF CORRECTIONS","MISSOURI DEPARTMENT OF CORRECTIONS","ROUTE 2, BOX 2222","MINERAL POINT","MO","63660","1111111111","OAK","OAK","CAF","S","Y",,"",2008-01-03 10:05:29,"ohs",True,"OAK",0,0,0,0,30,0,0,8,False,True
304,"NCD","NORTH CAROLINA DEPT. OF CORRECTION RALEIGH NC-IHP","NORTH CAROLINA DEPT. OF CORRECTION RALEIGH NC-IHP","1300 WESTERN BLVD N.C. PRISON","RALEIGH","NC","27606","9197330800","CHL","CHL","CAF","S","Y",2008-09-05 09:49:45,"ohs",2010-05-26 10:20:47,"RauschE",True,"CHL",2,0,0,0,30,0,0,4,True,True
159,"NEB","NEBRASKA DEPARTMENT OF CORRECTIONS","IMMIGRATION COURT","P.O. BOX 2500 14TH AND PIONEER","LINCOLN","NE","68502","4024793225","OMA","OMA","CAF","S","Y",,"",2008-11-03 13:47:31,"HodskinS",True,"OMA",2,0,0,0,30,0,0,8,False,True
160,"NEV","NEVADA DEPARTMENT OF CORRECTIONS","NEVADA DEPARTMENT OF CORRECTIONS","NEVADA STATE PRISON","CARSON CITY","NV","89702","1111111111","LVG","LVG","CAF","S","Y",,"",2006-09-06 16:08:45,"LeeSu",True,"LVG",0,0,0,0,0,0,0,9,False,True
161,"NEW","NEWARK, NEW JERSEY","IMMIGRATION COURT","970 BROAD STREET, ROOM 1200","NEWARK","NJ","07102","2016453524","NEW","NEW","CAF","","Y",,"",2012-02-29 13:22:08,"HodskinS",True,"NEW",2,17,30,17,30,0,0,3,False,False
162,"NFC","NORTH FLORIDA RECEPTION CENTER (NFC)","NORTH FLORIDA RECEPTION CENTER (NFC)","SR 231","LAKE BUTLER","FL","32054","9044966000","MIA","MIA","CAF","S","Y",,"",2007-07-06 13:16:49,"ohs",True,"MIA",2,0,0,0,30,0,0,11,False,False
163,"NHA","NEW HAMPSHIRE DEPARTMENT OF CORRECTIONS","NEW HAMPSHIRE DEPARTMENT OF CORRECTIONS","NEW HAMPSHIRE ST. PRISON COMP.","CONCORD","NH","033010000","1111111111","BOS","BOS","CAF","S","Y",,"",2007-07-26 14:38:53,"ohs",True,"BOS",2,0,0,0,30,0,0,1,True,True
164,"NIA","YORK CORRECTIONAL INSTITUTION","YORK CORRECTIONAL INSTITUTION","201 WEST MAIN STREET","NIANTIC","CT","06357","8606916700","HAR","NIA","CAF","S","Y",,"",2006-11-13 14:06:49,"LeeSu",True,"HAR",0,0,0,0,0,0,0,3,False,True
314,"NMD","NORTHERN MARIANAS DETAINED","IMMIGRATION COURT","DEPCOR CIVIC CTR, SUSUPE VILL","SAIPAN","MP","96950","0000000000","SAI","SAI","CAF","","Y",2009-11-19 15:09:16,"HodskinS",2009-11-19 15:09:16,"",True,"SAI",2,0,0,0,30,0,0,9,True,True
165,"NMS","PENITENTIARY OF NEW MEXICO","PENITENTIARY OF NEW MEXICO","HIGHWAY 14","SANTA FE","NM","87501","9999999999","ELP","ELP","CAF","S","Y",,"",2007-03-12 09:20:33,"LeeSu",True,"ELP",2,0,0,0,30,0,0,10,False,True
166,"NMX","SOUTHERN NEW MEXICO CORRECTIONAL FACILITY","SOUTHERN NEW MEXICO CORRECTIONAL FACILITY","SO. NEW MEX. CORRECTIONAL FAC.","LAS CRUCES","NM","88004","1111111111","ELP","ELP","CAF","S","Y",,"",2007-03-12 08:22:52,"LeeSu",True,"ELP",2,0,0,0,30,0,0,10,False,True
167,"NNJ","NEW JERSEY DOC, NORTHERN STATE PRISON","NEW JERSEY DEPT. OF CORR., NORTHERN STATE PRISON","168 FRONTAGE ROAD","NEWARK","NJ","071140000","2014650068","NEW","NEW","CAF","S","Y",,"",2011-10-12 15:46:22,"HodskinS",False,"NEW",0,0,0,0,0,0,0,3,False,False
168,"NOC","NORTH CAROLINA DEPT. OF CORR., CENTRAL PRISON","NORTH CAROLINA DEPT. OF CORR., CENTRAL PRISON","1300 WESTERN BLVD.","RALEIGH","NC","276060000","9198282361","ATL","ATL","CAF","S","Y",,"",2007-07-26 14:43:10,"ohs",True,"ATL",2,0,0,0,30,0,0,4,False,True
169,"NOD","NORTH DAKOTA DEPARTMENT OF CORRECTIONS","NORTH DAKOTA DEPARTMENT OF CORRECTIONS","NORTH DAKOTA PENITENTIARY","BISMARK","ND","585025521","1111111111","BLM","BLM","CAF","S","Y",,"",2007-02-09 16:16:39,"LeeSu",True,"BLM",2,0,0,0,30,0,0,8,False,True
170,"NOL","NEW ORLEANS, LOUISIANA","IMMIGRATION COURT","1 CANAL PL, 365 CANAL ST 2450A","NEW ORLEANS","LA","70130","5045893992","NOL","NOL","CAF","","Y",,"",2006-11-20 08:46:15,"LeeSu",True,"NOL",0,0,0,0,0,0,0,5,False,True
171,"NOO","NEW ORLEANS DETENTION","IMMIGRATION COURT","1 CANAL PL, 365 CANAL ST 2450B","NEW ORLEANS","LA","70130","5045893992","NOL","NOL","CAF","","Y",,"",2006-11-20 08:52:02,"LeeSu",True,"NOL",0,0,0,0,0,0,0,5,False,True
172,"NOR","NORFOLK, VIRGINIA","OFFICE OF THE IMMIGRATION JUDGE","200 GRANBY MALL, RM 439","NORFOLK","VA","23510","1111111111","WAS","WAS","CAF","","Y",,"",2013-04-01 09:22:01,"ohs",True,"WAS",0,0,0,0,0,0,0,4,False,False
173,"NYC","NEW YORK CITY, NEW YORK","IMMIGRATION COURT","26 FEDERAL PLZ 12TH FL.,RM1237","NEW YORK","NY","10278","9174541040","NYC","NYC","CAF","","Y",,"",2012-08-24 13:45:00,"fruehwad",True,"NYC",2,14,21,14,21,0,0,2,True,False
174,"NYD","NEW YORK SERVICE PROCESSING CENTER (VARICK ST)","IMMIGRATION COURT","201 VARICK ST., RM 1140","NEW YORK","NY","10014","2126206279","NYD","NYD","CAF","","Y",,"",2006-09-29 08:49:11,"LeeSu",True,"NYD",0,0,0,0,0,0,0,2,False,True
175,"NYX","NEW YORK ANNEX","IMMIGRATION COURT","26 FEDERAL PLAZA, ROOM 1237","NEW YORK","NY","10278","2126204772","NYC","NYC","CAF","","N",,"",2011-10-19 13:43:28,"HodskinS",True,"NYC",0,20,30,20,20,0,0,2,False,True
176,"OAK","OAKDALE FEDERAL DETENTION CENTER","IMMIGRATION COURT","1900 EAST WHATLEY ROAD","OAKDALE","LA","71463","318335365","OAK","OAK","CAF","","Y",,"",2008-01-03 08:44:59,"ohs",True,"OAK",0,0,0,0,30,0,0,5,False,True
177,"OAV","OAKDALE FEDERAL DETENTION CENTER - VIDEO HEARIN","IMMIGRATION COURT","1900 E. WHATLEY ROAD","OAKDALE","LA","71463","318335365","OAK","OAK","CAF","","N",,"",2011-06-08 13:44:54,"HodskinS",True,"OAK",0,0,0,0,0,0,0,5,False,False
322,"OCD","ORANGE COUNTY DETAINED","IMMIGRATION COURT","501 THE CITY DRIVE SOUTH","ORANGE","CA","92868","2138942811","LOS","LOS","CAF","","Y",2010-10-07 16:19:04,"HuangC",2010-10-07 16:19:04,"",True,"LOS",2,0,0,0,30,0,0,9,True,True
178,"OHO","OHIO DEPT. OF CORR., CORRECTIONAL RECEPTION CEN","OHIO DEPT. OF CORR., CORRECTIONAL RECEPTION CENTER","11271 STATE ROUTE 762","ORIENT","OH","43146","6148772441","WAS","WAS","CAF","S","Y",,"",2013-04-01 09:22:19,"ohs",True,"WAS",0,0,0,0,0,0,0,6,False,False
179,"OKC","OKLAHOMA CITY, OKLAHOMA","IMMIGRATION COURT","4400 SOUTHWEST 44TH. ST RM 167","OKLAHOMA CITY","OK","73119","4056850593","DAL","DAL","CAF","","Y",,"",2007-07-05 16:56:52,"ohs",True,"DAL",2,17,30,30,30,0,0,10,False,True
180,"OKD","OKLAHOMA CITY DETAINED","IMMIGRATION COURT","4400 SOUTHWEST 44TH. ST RM 167","OKLAHOMA CITY","OK","73119","4056850593","DAL","DAL","CAF","","Y",,"",2007-07-05 16:57:10,"ohs",True,"DAL",2,0,0,0,30,0,0,10,False,True
181,"OKL","OKLAHOMA IHP","LEXINGTON ASSESSMENT AND RECEPTION CENTER","6.5 MILES E OF LEX'N ON HWY 39","LEXINGTON","OK","73051","4055275676","DAL","DAL","CAF","S","Y",,"",2007-07-05 16:57:25,"ohs",True,"DAL",2,20,30,60,30,0,0,10,False,True
307,"OKT","DAVID L. MOSS CRIMINAL JUSTICE CENTER","IMMIGRATION COURT","300 N. DENVER","TULSA","OK","74103","9185968909","DAL","DAL","CAF","","Y",2008-10-10 09:44:16,"HodskinS",2008-10-15 13:57:20,"HodskinS",True,"DAL",2,0,0,0,30,0,0,10,False,True
182,"OMA","OMAHA, NEBRASKA","IMMIGRATION COURT","1717 AVENUE H SUITE 100","OMAHA","NE","68110","4023480310","OMA","OMA","CAF","","Y",,"",2008-10-26 13:10:23,"MadanA",True,"OMA",2,17,30,30,30,0,0,8,False,True
310,"OMD","OMAHA IMMIGRATION COURT - DETAINED","IMMIGRATION COURT","1717 AVENUE H, SUITE 100","OMAHA","NE","68110","4023480310","OMA","OMA","CAF","","Y",2008-10-24 14:19:10,"MadanA",2008-11-03 13:44:37,"HodskinS",True,"OMA",0,0,0,0,30,0,0,8,False,True
285,"ORI","OHIO DEPT. OF CORR., CORRECTIONAL RECEPTION CEN","OHIO DEPT. OF CORR., CORRECTIONAL RECEPTION CENTER","11271 STATE ROUTE 762","ORIENT","OH","43146","6148772441","CLE","CLE","CAF","S","Y",2006-10-20 13:58:48,"LeeSu",2007-08-09 17:23:31,"ohs",True,"CLE",0,0,0,0,0,0,0,6,False,True
183,"ORL","ORLANDO, FLORIDA","IMMIGRATION COURT","3535 LAWTON ROAD, SUITE 200","ORLANDO","FL","32803","4076486565","ORL","ORL","CAF","","Y",,"",2010-10-05 10:56:17,"RauschE",True,"ORL",2,17,30,30,30,0,0,11,False,True
293,"OTF","Otero - Federal","Immigration Court","10 McGregor Range Road","Chaparral","NM","88081","5058244884","ELP","ELP","CAF","F","Y",2007-06-14 13:32:09,"DavisL",2007-08-09 17:24:24,"ohs",True,"ELP",2,0,0,0,30,0,0,10,False,True
287,"OTO","OTERO COUNTY PROCESSING CENTER","OTERO COUNTY PROCESSING CENTER","26 McGREGOR RANGE ROAD","CHAPARRAL","NM","88081","9155346020","ELP","EPD","CAF","","Y",2006-12-12 14:18:13,"LeeSu",2008-07-23 09:46:33,"HodskinS",True,"ELP",2,0,0,0,30,0,0,10,False,True
184,"OTY","OTAY MESA, CALIFORNIA","IMMIGRATION COURT","2500 PASEO INTERNATIONAL, #303","OTAY MESA","CA","92154","1111111111","SND","OTY","CAF","","Y",,"",2007-02-08 15:56:36,"LeeSu",True,"SND",2,17,30,30,30,0,0,9,False,True
185,"PA2","TEXAS DOC- PACK II UNIT","PACK II UNIT","ROUTE 1, BOX 1000","NAVASOTA","TX","77868","9999999999","HOU","HOU","CAF","S","Y",,"",2007-07-05 17:12:12,"ohs",True,"HOU",2,0,0,0,30,0,0,5,False,True
186,"PDN","PASO DEL NORTE (EL PASO BRIDGE)","IMMIGRATION COURT","1000 SOUTH EL PASO STREET","EL PASO","TX","79901","5125727612","ELP","ELP","CAF","","Y",,"",2007-03-12 08:18:54,"LeeSu",True,"ELP",2,17,30,30,30,0,0,5,False,True
187,"PDT","PORTLAND DETENTION CENTER","IMMIGRATION COURT","1001 SW 5TH AVENUE, SUITE 400","PORTLAND","OR","97204","5033266341","POO","POR","CAF","","Y",,"",2012-02-24 13:29:07,"DoanT",True,"POO",0,0,0,0,0,0,0,9,False,False
188,"PEN","PENNSYLVANIA DEPT. OF CORR., STATE CORR. INST.","PENNSYLVANIA DEPT. OF CORR., STATE CORR. INST.","P.O. BOX 8837","CAMP HILL","PA","170018837","2154894151","YOR","YOR","CAF","S","Y",,"",2007-05-31 11:04:36,"ohs",True,"YOR",2,0,0,0,30,0,0,3,False,True
189,"PER","ARIZONA DOC- PERRYVILLE","ARIZONA DEPARTMENT OF CORRECTIONS","ST. PRISON COMPLEX-PERRYVILLE","GOODYEAR","AZ","85338","1111111111","PHO","PHO","CAF","S","Y",,"",2007-01-12 15:27:10,"LeeSu",True,"PHO",2,0,0,0,30,0,0,9,False,True
190,"PHI","PHILADELPHIA, PENNSYLVANIA","IMMIGRATION COURT","900 MARKET STREET, SUITE 504","PHILADELPHIA","PA","19107","2156567000","PHI","PHI","CAF","","Y",,"",2010-08-31 16:04:33,"RauschE",True,"PHI",2,17,30,30,30,0,0,3,False,True
294,"PHJ","PHO Juvenile","Immigration Court","200 E. Mitchell Dr. #200","Phoenix","AZ","85012","6026402747","PHO","PHO","PHO","","Y",2007-09-10 11:07:28,"PiliO",2007-09-10 11:07:28,"",True,"SNA",2,0,0,0,2,0,0,9,False,True
191,"PHO","PHOENIX, ARIZONA","IMMIGRATION COURT, FEDERAL BUILDING","200 E. MITCHELL DR., SUITE 200","PHOENIX","AZ","85012","6026402747","PHO","PHO","CAF","","Y",,"",2007-01-12 16:14:37,"LeeSu",True,"PHO",2,17,30,30,30,0,0,9,False,True
192,"PHW","ARIZONZA STATE PRISON- PHOENIX WEST","ARIZONA STATE PRISON - PHOENIX WEST","3402 WEST COCOPAH STREET","PHOENIX","AZ","85009","6023520350","PHO","PHO","CAF","S","Y",,"",2007-01-12 15:29:05,"LeeSu",True,"PHO",2,0,0,0,30,0,0,9,False,True
289,"PIK","PIKE COUNTY PRISON","PIKE COUNTY PRISON","3400 CONCORD ROAD., SUITE 2","YORK","PA","17402","7177557555","YOR","YOR","CAF","","Y",2006-12-18 13:25:00,"LeeSu",2007-05-31 11:04:27,"ohs",True,"YOR",0,0,0,0,0,0,0,3,False,True
193,"PIS","PORT ISABEL SERVICE PROCESSING CENTER","IMMIGRATION COURT","27991 BUENA VISTA BLVD","LOS FRESNOS","TX","78566","9565471788","PIS","PIS","CAF","","Y",,"",2007-07-06 13:57:47,"ohs",True,"PIS",2,0,0,0,30,0,0,5,False,True
194,"PIT","PITTSBURGH, PENNSYLVANIA","IMMIGRATION COURT","3000 SIDNEY STREET, 1ST FL","PITTSBURGH","PA","15203","1111111111","PHI","PHI","CAF","","Y",,"",2006-12-08 11:38:04,"LeeSu",True,"PHI",2,17,30,30,30,0,0,3,False,True
195,"PLE","PLEASANTON - FEDERAL CORRECTIONAL INSTITUTION","FEDERAL CORRECTIONAL INSTITUTION, PLEASANTON","5701 EIGHTH STREET  CAMP PARKS","DUBLIN","CA","94568","9999999999","SFR","SFR","CAF","F","Y",,"",2007-07-06 14:01:17,"ohs",True,"SFR",2,0,0,0,30,0,0,9,False,True
196,"PLY","PLYMOUTH COUNTY CORRETIONAL FACILITY","PLYMOUTH COUNTY CORRECTIONAL FACILITY","26 LONG POND RD.","PLYMOUTH","MA","023600000","5087460610","BOS","BOS","CAF","M","Y",,"",2007-07-26 14:39:12,"ohs",True,"BOS",2,0,0,0,30,0,0,1,True,True
197,"POE","LAREDO, TEXAS -  PORT OF ENTRY","IMMIGRATION COURT","100 CONVENT AVENUE, ROOM 213","LAREDO","TX","78040","1111111111","SNA","SNA","CAF","","Y",,"",2007-07-06 14:03:25,"ohs",True,"SNA",2,17,30,30,30,0,0,5,False,True
297,"POK","POLK COUNTY DETENTION FACILITY","IMMIGRATION COURT","3400 FM 350 SOUTH","LIVINGSTON","TX","773510190","9369678000","HOD","HOD","CAF","","Y",2007-11-26 13:43:19,"HodskinS",2010-09-19 01:59:55,"HuangC",True,"HOD",2,0,0,0,30,0,0,5,False,True
198,"POL","POLK CORR. INST.","** INACTIVE HEARING LOCATION **","2876 EVANS RD BOX 50","POLK CITY","FL","33868","1111111111","MIA","MIA","CAF","S","N",,"",2007-07-06 13:17:37,"ohs",False,"MIA",0,0,0,0,0,0,0,11,False,False
199,"POO","PORTLAND, OREGON","IMMIGRATION COURT","1001 SW 5TH AVENUE, SUITE 400","PORTLAND","OR","97204","5033266341","POO","POO","CAF","","Y",,"",2010-08-24 16:27:28,"HuangC",True,"POO",0,0,0,0,0,0,0,9,True,True
200,"POR","PORTLAND, OREGON","IMMIGRATION COURT","1001 SW 5TH AVENUE, SUITE 400","PORTLAND","OR","97204","5033266341","POO","POR","CAF","","Y",,"",2010-08-24 16:27:20,"HuangC",True,"POO",0,0,0,0,0,0,0,9,False,True
201,"PRC","SAN JUAN FEDERAL BUILDING","SAN JUAN FEDERAL BUILDING","#7 TABONUCO ST. ROOM 401","GUAYNABO","PR","00968","1111111111","SAJ","SAJ","CAF","S","Y",,"",2007-08-09 12:02:43,"ohs",True,"SAJ",2,17,30,0,30,0,0,1,False,True
276,"PSD","PEARSALL, TEXAS - DETENTION FACILITY","IMMIGRATION COURT","800 DOLOROSA STREET-SUITE 300","SAN ANTONIO","TX","78207","2104726637","SNA","SNA","PSD","","Y",2005-08-25 17:07:13,"Forsmany",2007-07-06 14:02:54,"ohs",True,"SNA",2,0,0,0,30,0,0,5,False,True
202,"RA3","TEXAS DOC- RAMSEY III UNIT","RAMSEY III UNIT","RT. 4, BOX 1300","ROSHARON","TX","77583","1111111111","HOU","HOU","CAF","S","Y",,"",2007-07-05 17:12:54,"ohs",True,"HOU",2,0,0,0,30,0,0,5,False,True
203,"RAY","BOP- RAY BROOK","** INACTIVE HEARING LOCATION **","FEDERAL CORR. INSTITUTION","RAY BROOK","NY","129770300","85613075","BOS","BOS","CAF","F","N",,"",2007-07-15 15:48:30,"ohs",False,"BOS",2,0,0,0,30,0,0,2,False,False
204,"REI","REEVES COUNTY LAW ENFORCEMENT CENTER (NON-CAP)","REEVES COUNTY LAW ENFORCEMENT CENTER (NON-CAP)","HIGHWAY 17 @ LOCKER ROAD","PECOS","TX","79772","1111111111","DAL","DAL","CAF","","N",,"",2007-07-05 16:57:37,"ohs",False,"DAL",2,0,0,60,30,0,0,5,False,False
337,"REL","RELIANT","IMMIGRATION COURT","600 JEFFERSON, SUITE 900","HOUSTON","TX","77002","9566396077","HOU","HOU","CAF","","Y",2013-03-12 15:35:54,"DoanT",2013-04-04 13:12:27,"DoanT",True,"HOU",2,17,30,0,30,0,0,5,False,True
205,"REN","RENO, NEVADA","IMMIGRATION COURT","6999 SIERRA CENTER PKWY, #160","RENO","NV","89511","9999999999","LVG","LVG","CAF","","Y",,"",2011-09-12 14:29:28,"RauschE",True,"LVG",0,0,0,0,0,0,0,9,False,True
206,"RG1","FLORIDA DOC- CHIPLEY","WASHINGTON C.I. - ATTN: TRANS/RELEASE OFFICER","4455 SAM MITCHELL DRIVE","CHIPLEY","FL","32428","8507736100","MIA","MIA","CAF","S","Y",,"",2007-07-06 13:17:47,"ohs",True,"MIA",2,0,0,0,30,0,0,11,False,False
207,"RG2","NORTH FLORIDA RECEPTION CENTER (NFC)","NORTH FLORIDA RECEPTION CENTER (NFC)","SR 231","LAKE BUTLER","FL","32054","9044966000","MIA","MIA","CAF","S","N",,"",2011-09-20 12:07:08,"HodskinS",True,"MIA",2,0,0,0,30,0,0,11,False,False
208,"RG3","SUMTER CORR. INST.","** INACTIVE HEARING LOCATION **","SUMTER CORR. INST.","BUSHNELL","FL","33513","1111111111","MIA","MIA","CAF","S","N",,"",2007-07-06 13:18:48,"ohs",False,"MIA",0,0,0,0,0,0,0,11,False,False
209,"RG4","MARTIN CORR. INST.","** INACTIVE HEARING LOCATION **","1150 SW ALLAPATTAH RD","INDIANTOWN","FL","33456","1111111111","MIA","MIA","CAF","S","N",,"",2012-02-01 09:33:07,"HodskinS",False,"MIA",0,0,0,0,0,0,0,11,False,False
210,"RG5","CHARLOTTE CORRECTIONAL INSTITUTION","CHARLOTTE CORRECTIONAL INSTITUTION","33123 OIL WELL ROAD","PUNTA GORDA","FL","33955","9415752828","MIA","MIA","CAF","S","N",,"",2012-10-16 10:05:33,"HodskinS",False,"MIA",2,0,0,0,30,0,0,11,False,False
331,"RHD","RAPPAHANNOCK REGIONAL JAIL","RAPPAHANOCK REGIONAL JAIL","1745 JEFFERSON DAVIS HIGHWAY","STAFFORD","VA","22555","5402885245","WAS","RHD","CAF","M","Y",2012-05-09 12:48:48,"DoanT",2013-04-01 09:22:37,"ohs",True,"WAS",2,0,0,0,30,0,0,4,True,False
211,"RHO","RI DOC, STATE OF R.I. & PROVIDENCE PLANTATION","RI DOC, STATE OF R.I. & PROVIDENCE PLANTATION","MEDIUM SECURITY CENTER","CRANSTON","RI","029200000","1111111111","BOS","BOS","CAF","S","Y",,"",2007-07-26 14:39:21,"ohs",True,"BOS",2,0,0,0,30,0,0,1,True,True
212,"ROB","ROBERTSON UNIT","ROBERTSON UNIT","12071 FM 3522","ABILENE","TX","79601","9155489035","HOD","HOD","CAF","S","Y",,"",2012-10-09 13:26:12,"HodskinS",True,"HOD",2,0,0,0,30,0,0,5,False,True
213,"RVS","REEVES COUNTY LAW ENFORCEMENT CENTER","REEVES COUNTY LAW ENFORCEMENT CENTER","HIGHWAY 17 @LOCKER ROAD","PECOS","TX","79772","1111111111","ELP","ELP","CAF","F","Y",,"",2007-03-12 08:21:00,"LeeSu",True,"ELP",2,0,0,0,30,0,0,5,False,True
214,"RYN","ARIZONA STATE PRISON-RYNNING UNIT","ARIZONA STATE PRISON-RYNNING UNIT","4347 E. BUTTE AVE.","FLORENCE","AZ","85232","5208680201","FLO","FLO","CAF","S","Y",,"",2007-01-11 16:12:17,"LeeSu",True,"FLO",2,0,0,0,30,0,0,9,False,True
215,"SAD","SAN ANTONIO DETAINED","IMMIGRATION COURT","800 DOLOROSA STREET-SUITE 300","SAN ANTONIO","TX","78207","2104726637","SNA","SNA","CAF","M","Y",,"",2013-05-09 14:14:46,"HodskinS",True,"SNA",2,0,0,0,30,0,0,5,False,True
313,"SAI","SAIPAN, NORTHERN MARIANAS ISLANDS","IMMIGRATION COURT","MARINA HEIGHTS II, SUITE 301","SAIPAN","MP","96950","6703220601","SAI","SAI","CAF","","Y",2009-11-19 15:06:15,"HodskinS",2011-09-12 14:23:22,"HodskinS",True,"SAI",2,17,30,30,30,0,0,9,True,True
216,"SAJ","SAN JUAN, PUERTO RICO","IMMIGRATION COURT","#7 TABONUCO STREET, ROOM 401","GUAYNABO","PR","009684605","7877494386","SAJ","SAJ","CAF","","Y",,"",2007-08-09 12:02:25,"ohs",True,"SAJ",2,17,30,30,30,0,0,1,False,True
217,"SAL","OREGON STATE PENITENTIARY","OREGON DEPT. OF CORR., OREGON STATE PENITENTIARY","2605 STATE STREET","SALEM","OR","97310","5033782682","POO","SAL","CAF","S","Y",,"",2012-02-24 13:31:49,"DoanT",True,"POO",0,0,0,0,0,0,0,9,False,True
218,"SAN","BOP- SANDSTONE","BUREAU OF PRISONS","FEDERAL CORR. INSTI.","SANDSTONE","MN","55072","878211","CHI","CHI","CAF","F","N",,"",2007-08-09 14:42:43,"ohs",False,"CHI",2,0,0,0,30,0,0,8,False,True
219,"SAR","SARASOTA COUNTY JAIL","CORRECTIONS BUREAU/LIEUTENANT DAVID PARISI","P.O. BOX 4115","SARASOTA","FL","34230","9418615800","KRO","KRO","CAF","","N",,"",2011-08-17 15:01:48,"RauschE",False,"KRO",2,0,0,0,30,0,0,11,False,False
305,"SCD","SOUTH CAROLINA DEPT. OF CORRECTION COLUMBIA SC-IHP","SOUTH CAROLINA DEPT. OF CORRECTION COLUMBIA SC-IHP","4460 BROAD RIVER ROAD","COLUMBIA","SC","29210","8038962763","CHL","CHL","CAF","S","Y",2008-09-05 09:53:30,"ohs",2008-09-16 09:27:04,"NongP",True,"CHL",2,0,0,0,30,0,0,4,True,True
315,"SDC","STEWART DETENTION CENTER - LUMPKIN GEORGIA","IMMIGRATION COURT","146 CCA ROAD","LUMPKIN","GA","31815","2298381320","SDC","SDC","CAF","","N",2010-01-07 12:22:52,"MadanA",2010-06-23 11:39:12,"HuangC",False,"SDC",2,0,0,0,30,0,0,11,False,True
220,"SDE","SAN DIEGO: FEDERAL BLDG.","FEDERAL BUILDING","880 FRONT ST,RM B-238 OR B-269","SAN DIEGO","CA","92188","6195577647","SND","SND","CAF","","N",,"",2013-05-10 16:01:09,"HodskinS",False,"SND",2,0,0,0,30,0,0,9,False,True
221,"SEA","SEATTLE, WASHINGTON","IMMIGRATION COURT","1000 SECOND AVE., SUITE 2500","SEATTLE","WA","98104","2065535953","SEA","SEA","CAF","","Y",,"",2006-11-30 13:06:52,"LeeSu",True,"SEA",2,17,30,30,30,0,0,9,False,True
222,"SFC","SOUTH FLORIDA RECEPTION CENTER","SOUTH FLORIDA RECEPTION CENTER","14000 NW 41ST STREET","MIAMI","FL","33102","3055929567","MIA","MIA","CAF","S","Y",,"",2007-07-06 13:17:25,"ohs",True,"MIA",2,0,0,0,30,0,0,11,False,False
223,"SFD","SAN FRANCISCO DETAINED","IMMIGRATION COURT","630 SANSOME ST, 4TH FL, RM 475","SAN FRANCISCO","CA","94111","1111111111","SFR","SFR","CAF","","Y",,"",2008-02-07 17:51:33,"NongP",True,"SFR",2,0,0,0,30,0,0,9,False,True
277,"SFM","FEDERAL CORR. INST.-OAKDALE 1","*****INACTIVE HEARING LOCATION*****","1900 E. WHATLEY RD. PO BOX 750","OAKDALE","LA","71463","318335365","OAK","OAK","CAF","F","Y",2005-10-24 15:45:41,"NongP",2006-11-08 10:23:33,"LeeSu",False,"OAK",0,0,0,0,0,0,0,5,False,False
224,"SFR","SAN FRANCISCO, CALIFORNIA","IMMIGRATION COURT","120 MONTGOMERY ST., SUITE 800","SAN FRANCISCO","CA","94104","4157054415","SFR","SFR","CAF","","Y",,"",2007-07-06 14:01:44,"ohs",True,"SFR",2,17,30,30,20,0,0,9,False,True
225,"SFX","SAN FRANCISCO ANNEX","IMMIGRATION COURT","630 SANSOME ST, 4TH FL, RM 475","SAN FRANCISCO","CA","94111","1111111111","SFR","SFR","CAF","","Y",,"",2008-02-07 17:52:22,"NongP",True,"SFR",0,0,0,0,0,0,0,9,False,True
226,"SHA","SHAWANGUNK","** INACTIVE HEARING LOCATION **","750 PRISON RD.","WALLKILL","NY","13339","1111111111","NYD","NYD","CAF","S","N",,"",2013-04-30 09:23:42,"HodskinS",False,"NYD",0,0,0,0,0,0,0,2,False,True
302,"SHE","WASHINGTON CORRECTIONS CENTER","WASHINGTON CORRECTIONS CENTER","P.O. BOX 900","SHELTON","WA","98584","3604274628","SEA","SHE","CAF","S","Y",2008-04-09 10:18:52,"HodskinS",2008-04-09 10:22:32,"HodskinS",True,"SEA",2,0,0,0,30,0,0,9,True,False
227,"SIN","DOWNSTATE CORRECTIONAL FACILITY","IMMIGRATION COURT - DOWNSTATE C.F.","121 RED SCHOOLHOUSE ROAD","FISHKILL","NY","12524","8458385700","ULS","SIN","CAF","S","Y",,"",2011-10-28 16:06:11,"RauschE",True,"ULS",0,0,0,0,0,0,0,2,False,True
228,"SKY","TEXAS DOC - SKYVIEW","SKYVIEW UNIT","P.O. BOX 999","RUSK","TX","75785","9999999999","HOD","HOD","CAF","S","Y",,"",2012-10-09 13:27:12,"HodskinS",True,"HOD",2,0,0,0,30,0,0,5,False,True
229,"SLC","SALT LAKE CITY, UTAH","IMMIGRATION COURT","2975 S. DECKER LAKE DR., #200","WEST VALLEY","UT","841196094","8015243000","SLC","SLC","CAF","","Y",,"",2011-08-01 10:46:28,"RauschE",True,"SLC",2,17,30,60,30,0,0,10,True,True
230,"SM1","ARIZONA STATE PRISON-SPECIAL MANAGEMENT UNIT 1","ARIZONA STATE PRISON-SPECIAL MANAGEMENT UNIT 1","4347 E. BUTTE AVE.","FLORENCE","AZ","85232","5208680201","FLO","FLO","CAF","S","Y",,"",2007-01-11 16:13:35,"LeeSu",True,"FLO",2,0,0,0,30,0,0,9,False,True
231,"SM2","ARIZONA STATE PRISON-SPECIAL MANAGEMENT UNIT 2","ARIZONA STATE PRISON-SPECIAL MANAGEMENT UNIT 2","4347 E. BUTTE AVE.","FLORENCE","AZ","85232","5208680201","FLO","FLO","CAF","S","Y",,"",2007-01-11 16:14:27,"LeeSu",True,"FLO",2,0,0,0,30,0,0,9,False,True
232,"SNA","SAN ANTONIO, TEXAS","IMMIGRATION COURT","800 DOLOROSA STREET-SUITE 300","SAN ANTONIO","TX","78207","2104726637","SNA","SNA","CAF","","Y",,"",2007-07-06 14:02:31,"ohs",True,"SNA",2,17,30,30,30,0,0,5,False,True
233,"SND","SAN DIEGO, CALIFORNIA","IMMIGRATION COURT","401 WEST A STREET, SUITE #800","SAN DIEGO","CA","921017904","6195576052","SND","SND","CAF","","Y",,"",2007-02-08 15:57:38,"LeeSu",True,"SND",2,17,30,30,20,0,0,9,False,True
234,"SNJ","NEW JERSEY DOC, RIVERFRONT CORR. FAC.","NEW JERSEY DEPT. OF CORR., RIVERFRONT CORR. FAC.","DELAWARE AND ELM STREETS","CAMDEN","NJ","081019104","6093655971","NEW","NEW","CAF","S","Y",,"",2011-10-12 15:46:38,"HodskinS",False,"NEW",0,0,0,0,0,0,0,3,False,False
235,"SNQ","CALIF. STATE PRISON","** INACTIVE HEARING LOCATION **","CA DOC., SAN QUENTIN","SAN QUENTIN","CA","94964","1111111111","SFR","SFR","CAF","S","N",,"",2007-05-14 08:47:24,"ohs",False,"SFR",0,0,0,0,0,0,0,9,False,False
236,"SNV","SOUTHERN DESERT CORRECTIONAL CENTER","IMMIGRATION COURT","HIGH DESERT STATE PRISON","INDIAN SPRINGS","NV","89018","7028793800","LVG","LVG","CAF","S","Y",,"",2006-09-06 16:09:14,"LeeSu",True,"LVG",0,0,0,0,0,0,0,9,False,True
237,"SOC","SC DOC, BROAD RIVER RECEPTION & EVALUATION CENT","SC DOC, BROAD RIVER RECEPTION & EVALUATION CENTER","180 SPRING ST., SW, SUITE 241","ATLANTA","GA","303030000","8037378555","ATL","ATL","CAF","S","Y",,"",2007-11-09 08:38:18,"NongP",True,"ATL",2,0,0,0,30,0,0,4,False,True
238,"SOD","SOUTH DAKOTA DEPARTMENT OF CORRECTIONS","SOUTH DAKOTA DEPARTMENT OF CORRECTIONS","SOUTH DAKOTA PENITENTIARY","SIOUX FALLS","SD","571170911","1111111111","BLM","BLM","CAF","S","Y",,"",2007-02-09 16:18:29,"LeeSu",True,"BLM",2,0,0,0,30,0,0,8,False,True
239,"SOM","CONN CORR. INST.","** INACTIVE HEARING LOCATION **","SOMERS, BILTON RD.","SOMERS","CT","06071","1111111111","BOS","BOS","CAF","S","N",,"",2013-01-16 08:24:35,"DoanT",False,"BOS",2,0,0,0,30,0,0,2,False,False
298,"SP1","SAN PEDRO","IMMIGRATION COURT","606 South Olive St., 15th FL.","LOS ANGELES","CA","90014","2138942811","LOS","LOS","CAF","","Y",2007-12-20 15:42:49,"SmithR",2009-06-02 17:28:15,"NongP",True,"LOS",0,0,0,0,0,0,0,9,False,True
240,"SPD","SAN PEDRO","IMMIGRATION COURT","606 SOUTH OLIVE ST., 15TH FL.","LOS ANGELES","CA","90014","2138942811","LOS","LOS","CAF","","Y",,"",2009-06-02 17:28:45,"NongP",True,"LOS",0,0,0,0,0,0,0,9,False,True
241,"SPT","UTAH DOC- SOUTH POINT","UTAH DEPARTMENT OF CORRECTIONS","SOUTH POINT, UTAH STATE PRISON","DRAPER","UT","84020","8015712300","DEN","DEN","CAF","S","Y",,"",2007-09-13 16:27:34,"ohs",True,"DEN",2,0,0,0,30,0,0,10,False,True
242,"STA","ILLINOIS DOC- STATESVILLE","JAMES R. THOMPSON CENTER","100 W. RANDOLPH, SUITE 4-200","CHICAGO","IL","60601","8157273607","CHI","CHI","CAF","S","Y",,"",2007-08-09 16:39:26,"ohs",True,"CHI",2,0,0,0,30,0,0,7,False,True
338,"STC","SHILOH CENTER","IMMIGRATION COURT","600 JEFFERSON, SUITE 900","HOUSTON","TX","77002","7137837200","HOU","HOU","CAF","","Y",2013-03-12 15:57:29,"DoanT",2013-04-04 13:19:30,"DoanT",True,"HOU",2,17,30,0,30,0,0,5,False,True
243,"STD","KANSAS CITY IMMIGRATION COURT - DETAINED","IMMIGRATION COURT","2345 GRAND BOULEVARD, STE 525","KANSAS CITY","MO","64108","3142794547","KAN","KAN","CAF","","Y",,"",2012-02-01 14:42:24,"RauschE",True,"KAN",2,0,0,0,30,0,0,8,False,True
244,"STL","ST. LOUIS, MISSOURI","IMMIGRATION COURT","1222 SPRUCE STREET, 1ST FLOOR","ST. LOUIS","MO","63103","3142794547","KAN","KAN","CAF","","Y",,"",2011-11-04 14:48:01,"HodskinS",True,"KAN",2,17,30,30,30,0,0,8,False,True
245,"STX","ST. CROIX TERRITORIAL COURTS BUILDING","ST. CROIX- CAP LOCATION","ROOM 216, COURT RM #5","KINGS HL,ST CRX","VI","00851","9999999999","SAJ","SAJ","CAF","S","Y",,"",2007-08-09 12:02:06,"ohs",True,"SAJ",2,0,0,0,30,0,0,3,False,True
246,"SUF","SUFFOLK","SUFFOLK COUNTY HOUSE OF CORRECTIONS","20 BRADSTON STREET","BOSTON","MA","021180000","6176351000","BOS","BOS","CAF","S","Y",,"",2007-07-26 14:39:28,"ohs",True,"BOS",2,0,0,0,30,0,0,1,True,True
339,"SWC","CONROE SWK","IMMIGRATION COURT","600 JEFFERSON, SUITE 900","HOUSTON","TX","77002","7137837200","HOU","HOU","CAF","","Y",2013-03-12 16:12:24,"DoanT",2013-04-04 13:29:22,"DoanT",True,"HOU",2,17,30,0,30,0,0,5,False,True
273,"SWK","SOUTHWEST KEY","IMMIGRATION COURT","1100 COMMERCE ST., SUITE 1060","DALLAS","TX","75242","2147671814","DAL","DAL","CAF","","Y",2004-10-28 11:19:43,"ohs",2013-03-18 09:57:24,"HodskinS",True,"DAL",2,17,30,0,30,0,0,5,False,False
340,"SWM","SWK - MESA","IMMIGRATION COURT","600 JEFFERSON, SUITE 900","HOUSTON","TX","77002","7136358505","HOU","HOU","CAF","","Y",2013-03-12 16:25:12,"DoanT",2013-04-04 15:15:27,"DoanT",True,"HOU",2,17,30,0,30,0,0,5,False,True
301,"TAC","TACOMA","IMMIGRATION COURT","1623 EAST J STREET, SUITE 3","TACOMA","WA","98421","2537796020","TAC","TAC","CAF","","N",2008-01-29 10:31:24,"NongP",2012-11-19 09:01:17,"HodskinS",False,"TAC",2,0,0,0,30,0,0,9,False,False
247,"TAL","FLORIDA STATE PRISON                           ","** INACTIVE HEARING LOCATION **                   ","BOP FED. CORR. INST.          ","TALLAHASSEE    ","FL","32301","1111111111","WAS","WAS"," ","F","N",,"",2006-01-06 21:39:51,"fruehwad",False,"WAS",0,0,0,0,0,0,0,11,False,False
248,"TDC","TEXAS DOC- TDC","TEXAS DEPARTMENT OF CORRECTIONS","TO BE DECIDED","TO BE DECIDED","TX","11111","1111111111","HOD","HOD","CAF","S","Y",,"",2012-10-09 13:29:33,"HodskinS",True,"HOD",2,0,0,0,30,0,0,5,False,True
249,"TDG","FCI, TALLADEGA","** INACTIVE HEARING LOCATION **","902 RENFROE ROAD","TALLADEGA","AL","351600000","2053154307","ATL","ATL","CAF","F","N",,"",2007-07-15 16:06:11,"ohs",False,"ATL",2,0,0,0,30,0,0,11,False,False
250,"TDW","TEXAS DEPARTMENT OF CORRECTIONS--WAIVER PROGRAM","TEXAS DEPARTMENT OF CORRECTIONS--WAIVER PROGRAM","*TO BE DECIDED","TO BE DECIDED","TX","11111","1111111111","HOD","HOD","CAF","S","Y",,"",2012-10-09 13:26:31,"HodskinS",True,"HOD",2,0,0,0,30,0,0,5,False,True
251,"TEN","TENN. DOC, TENNESSEE STATE PENITENTIARY","TENN. DOC, TENNESSEE STATE PENITENTIARY","STATION A","NASHVILLE","TN","372195255","6157414611","MEM","MEM","CAF","S","Y",,"",2009-06-16 14:39:27,"HodskinS",True,"MEM",2,0,0,0,30,0,0,6,False,True
252,"TGK","DADE COUNTY CORRECTIONS-TURNER GUILFORD-KNIGHT","DADE COUNTY CORRECTIONS - TURNER GUILFORD-KNIGHT","7000 N.W. 41ST STREET","MIAMI","FL","33166","3055454755","KRO","KRO","CAF","","N",,"",2011-08-17 15:01:26,"RauschE",False,"KRO",2,0,0,0,30,0,0,11,False,False
253,"TIN","TUC INS","TUCSON INS HEARING FACILITY","2430 S. SWAN ROAD, BLD. 2","TUCSON","AZ","85711","5203207270","TUC","TUC","CAF","","Y",,"",2010-10-12 12:36:27,"RauschE",True,"TUC",0,0,0,0,0,0,0,9,False,True
254,"TIP","TERMINAL ISLAND FEDERAL CORRECTIONAL INST.","IMMIGRATION COURT","606 South Olive St., 15th FL.","Los Angeles","CA","90014","2138942811","LOS","LOS","CAF","F","Y",,"",2009-06-02 17:29:11,"NongP",True,"LOS",0,0,0,0,0,0,0,9,False,True
255,"TUC","TUCSON, ARIZONA","IMMIGRATION COURT, FEDERAL BUILDING","300 W. CONGRESS, SUITE 300","TUCSON","AZ","85701","5206705212","TUC","TUC","CAF","","Y",,"",2011-04-25 13:30:40,"RauschE",True,"TUC",2,17,30,30,30,0,0,9,False,True
256,"TUS","ARIZONA DOC- TUCSON","ARIZONA DEPARTMENT OF CORRECTIONS","ADOC-WILMOT 10000 SOUTH WILMOT","TUCSON","AZ","85734","1111111111","TUC","TUC","CAF","S","Y",,"",2010-10-12 12:34:33,"RauschE",True,"TUC",2,0,0,0,30,0,0,9,False,True
257,"ULS","ULSTER CORRECTIONAL FACILITY","NEW YORK DEPT. OF CORR. SERVICES-ULSTER","BERME ROAD  PO BOX 800","NAPANOCH","NY","12458","8456472223","ULS","ULS","CAF","S","Y",,"",2011-10-28 16:05:39,"RauschE",True,"ULS",0,0,0,0,0,0,0,2,False,True
258,"VIR","VIRGINIA DEPARTMENT OF CORRECTIONS","VIRGINIA DEPARTMENT OF CORRECTIONS","ARLINGTON IMMIGRATION COURT","ARLINGTON","VA","22203","1111111111","WAS","WAS","CAF","S","Y",,"",2013-04-01 09:22:45,"ohs",True,"WAS",0,0,0,0,0,0,0,4,False,False
259,"VMT","VERMONT DOC, CHITTENDEN CORRECTIONAL CENTER","VERMONT DOC, CHITTENDEN CORRECTIONAL CENTER","SWIFT & FARRELL STREETS","SO. BURLINGTON","VT","054010000","1111111111","BOS","BOS","CAF","S","Y",,"",2007-07-26 14:39:34,"ohs",True,"BOS",2,0,0,0,30,0,0,2,True,True
260,"VNJ","ELIZABETH VIDEO HEARINGS","VIDEO HEARINGS","625 Evans Street Rm. 148A","Elizabeth","NJ","07201","2014650068","ELZ","ELZ","CAF","S","Y",,"",2011-10-13 12:44:51,"RauschE",True,"ELZ",2,0,0,0,30,0,0,3,False,False
261,"VSJ","ELIZABETH - VIDEO HEARINGS","VIDEO HEARINGS","625 Evans Street Rm. 148A","Elizabeth","NJ","07201","6093655971","ELZ","ELZ","CAF","S","Y",,"",2011-10-13 12:44:09,"RauschE",True,"ELZ",2,0,0,0,30,0,0,3,False,False
262,"WAD","ARLINGTON DETAINED LOCATION","IMMIGRATION COURT","1901 S. BELL STREET, SUITE 200","ARLINGTON","VA","22202","7032352307","WAS","WAS","CAF","","Y",,"",2013-01-18 14:13:48,"HodskinS",True,"WAS",0,0,0,0,0,0,0,4,False,False
320,"WAJ","UNACCOMPANIED JUVENILES","IMMIGRATION COURT","901 N. STUART ST., SUITE 1300","ARLINGTON","VA","22203","7032352307","WAS","WAS","WAS","","Y",2010-08-27 10:21:24,"HuangC",2010-09-08 10:42:50,"HuangC",False,"WAS",2,0,0,30,30,0,0,4,True,True
263,"WAL","WASHINGTON DOC- WALLA WALLA","WASHINGTON DEPARTMENT OF CORRECTIONS","WASHINGTON STATE PENITENTIARY","WALLA WALLA","WA","99362","1111111111","SEA","SEA","CAF","S","Y",,"",2007-07-06 14:00:32,"ohs",True,"SEA",2,0,0,0,30,0,0,9,False,True
264,"WAS","ARLINGTON, VIRGINIA","IMMIGRATION COURT","1901 S. BELL STREET, SUITE 200","ARLINGTON","VA","22202","7036031300","WAS","WAS","CAF","","Y",,"",2013-04-01 09:21:04,"ohs",True,"WAS",2,17,30,60,30,0,0,4,True,False
265,"WEN","NYDOCS - WENDE","** INACTIVE HEARING LOCATION **","3622 WENDE RD.","ALDEN","NY","15191","1111111111","BAL","BAL","CAF","S","N",,"",2006-07-07 16:19:08,"LeeSu",True,"BAL",0,0,0,0,0,0,0,2,False,True
266,"WIN","WINSLOW STATE PRISON","WINSLOW STATE PRISON","2100 SOUTH HIGHWAY 87","WINSLOW","AZ","86047","1111111111","PHO","PHO","CAF","S","Y",,"",2007-01-12 16:15:38,"LeeSu",True,"PHO",2,0,0,0,30,0,0,9,False,True
267,"WIS","WISCONSIN DEPARTMENT OF CORRECTIONS","WISCONSIN DEPARTMENT OF CORRECTIONS","3099 E. WASHINGTON PO BOX 7925","MADISON","WI","53707","4143245571","CHI","CHI","CAF","S","Y",,"",2012-02-15 09:57:38,"RauschE",True,"CHI",2,0,0,0,30,0,0,7,False,True
280,"WLC","WILLACY DETENTION FACILITY","IMMIGRATION COURT","1800 INDUSTRIAL DRIVE","RAYMONDVILLE","TX","78580","9566900452","HLG","HLG","CAF","","N",2006-07-27 13:44:06,"LeeSu",2013-05-03 10:51:33,"DoanT",False,"HLG",0,0,0,0,2,0,0,5,False,True
268,"WSI","DENVER DETENTION FACILITY","IMMIGRATION COURT","3130 N. OAKLAND ST.","AURORA","CO","80010","3033610488","DEN","DEN","CAF","","Y",,"",2011-02-07 16:49:52,"HuangC",True,"DEN",2,0,0,0,30,0,0,10,False,True
269,"WVA","WEST VIRGINIA DEPARTMENT OF CORRECTIONS        ","WEST VIRGINIA DEPARTMENT OF CORRECTIONS           ","WEST VIRGINIA PENITENTIARY    ","MOUNDSVILLE    ","WV","26041","3043482036","WAS","WAS"," ","S","Y",,"",2006-01-06 21:33:36,"fruehwad",False,"WAS",0,0,0,0,0,0,0,4,False,False
270,"WYN","TEXAS DOC- WYNNE","TEXAS DEPARTMENT OF CORRECTIONS","WYNNE UNIT","HUNTSVILLE","TX","77349","4092959126","HOU","HOU","CAF","S","Y",,"",2007-07-05 17:08:16,"ohs",True,"HOU",2,0,0,0,30,0,0,5,False,True
271,"WYO","WYOMING DEPARTMENT OF CORRECTIONS","WYOMING DEPARTMENT OF CORRECTIONS","WYOMING STATE PENITENTIARY","RAWLINS","WY","82301","3073281441","DEN","DEN","CAF","S","Y",,"",2007-09-13 16:27:43,"ohs",True,"DEN",2,0,0,0,30,0,0,10,False,True
272,"YOR","YORK COUNTY PRISON","IMMIGRATION COURT","3400 CONCORD ROAD, SUITE 2","YORK","PA","17402","7177557555","YOR","YOR","CAF","","Y",,"",2008-11-03 09:20:18,"HodskinS",True,"YOR",2,0,0,0,30,0,0,3,False,True
