126,"AA","ANTHONY ATENAIDE","","","","","","",2003-08-10 11:31:57.427000000,"",2011-02-10 10:40:22,"OlivareV",False,True,False,True,False,1,503
127,"AAA","<ALL JUDGES>","","","","","","",2003-08-10 11:31:57.427000000,"",,"",False,True,False,True,False,1,1
493,"AAK","AMIENA A. KHAN","","","","","","",2010-11-12 13:49:14,"RauschE",2010-11-12 13:49:14,"RossyH",True,True,False,True,False,1,483
376,"AAT","A. ASHLEY TABADDOR","","","","","","",2005-12-09 13:30:02,"ohs",2005-12-09 13:30:02,"ArguetaA",True,True,False,True,False,1,507
128,"AAV","ALAN A. VOMACKA","","","","","","",2003-08-10 11:31:57.427000000,"",,"YbarraM",True,True,False,True,False,1,504
450,"ABM","ALISON M. BROWN","","","","","","",2010-04-23 16:30:30,"HodskinS",2010-04-23 16:30:30,"SheleyS",True,True,False,True,False,1,504
452,"ABT","ALISON M. BROWN (TEMP)","","","","","","",2010-04-27 14:21:38,"KhanS",2010-04-28 14:34:55,"McClainP",True,True,False,True,False,1,494
129,"ACB","ARVID C. BOYES","","","","","","",2003-08-10 11:31:57.427000000,"",,"YbarraM",False,True,False,True,False,1,507
472,"ACH","AMY C. HOOGASIAN","","","","","","",2010-10-08 15:25:59,"RauschE",2010-10-08 15:25:59,"Jauregma",True,True,False,True,False,1,486
461,"ADM","ANIBAL D. MARTINEZ","","","","","","",2010-09-01 14:43:28,"HodskinS",2010-09-01 14:43:28,"MayorgaA",True,True,False,True,False,1,492
130,"ADP","ANTHONY D. PETRONE, JR.","","","","","","",2003-08-10 11:31:57.427000000,"",,"HarrisA",False,True,False,True,False,1,483
383,"AED","ALISON E DAW","","","","","","",2006-05-18 11:45:42,"LeeSu",2006-05-18 11:45:42,"Jauregma",True,True,False,True,False,1,491
131,"AEG","ALBERTO E. GONZALEZ","","","","","","",2003-08-10 11:31:57.427000000,"",,"Jauregma",True,True,False,True,False,1,398
346,"AJG","ANNE J. GREER","","","","","","",2004-09-14 08:15:16.310000000,"",2011-02-10 10:40:00,"HodskinS",False,True,False,True,False,1,1
132,"AJR","ALBERTO J. RIEFKOHL","","","","","","",2003-08-10 11:31:57.427000000,"",,"MikulaJ",True,True,False,True,False,1,502
133,"ALP","ALAN L. PAGE","","","","","","",2003-08-10 11:31:57.427000000,"",,"NoleJ",True,True,False,True,False,1,491
134,"ALR","AGNELIS L. REESE","","","","","","",2003-08-10 11:31:57.427000000,"",,"YbarraM",True,True,False,True,False,1,493
135,"AMC","ANGEL M. COSME","","","","","","",2003-08-10 11:31:57.427000000,"",,"",False,True,False,True,False,1,1
136,"AMD","ANTHONY M. DEGAETO","","","","","","",2003-08-10 11:31:57.427000000,"",,"HarrisA",False,True,False,True,False,1,485
510,"AMP","ABIGAIL M. PRICE","","","","","","",2013-02-04 16:00:22,"DoanT",2013-02-04 16:00:22,"EliotB",True,True,False,True,False,1,499
488,"AND","ANDREA SLOAN","","","","","","",2010-10-27 17:53:13,"HodskinS",2010-10-27 17:53:13,"HarrisoB",True,True,False,True,False,1,517
137,"AO","ADAM OPACIUCH","","","","","","",2003-08-10 11:31:57.427000000,"",2009-12-28 15:25:49,"RabinovB",True,True,False,True,False,1,495
395,"ARA","ANDREW R. ARTHUR","","","","","","",2006-11-03 13:20:32,"LeeSu",2006-11-03 13:20:32,"BraunI",True,True,False,True,False,1,497
503,"ARD","ARLENE E. DORFMAN","","","","","","",2011-07-08 15:54:37,"RauschE",2011-07-08 15:54:37,"OlivareV",True,True,False,True,False,1,515
138,"ASE","ANNETTE S. ELSTEIN","","","","","","",2003-08-10 11:31:57.427000000,"",,"NoleJ",True,True,False,True,False,1,477
139,"ASG","ANNIE S. GARCY","","","","","","",2003-08-10 11:31:57.427000000,"",,"YbarraM",True,True,False,True,False,1,479
475,"ASL","ALICE SEGAL","","","","","","",2010-10-14 14:51:14,"KhanS",2010-10-14 14:51:14,"NoleJ",True,True,False,True,False,1,507
140,"ASM","ANTHONY S. MURRY","","","","","","",2003-08-10 11:31:57.427000000,"",,"Jauregma",True,True,False,True,False,1,505
332,"ATG","ANTHONY T. GIATTINA","","","","","","",2003-08-07 11:21:06.537000000,"",,"ArguetaA",True,True,False,True,False,1,493
514,"ATL","AMY T. LEE","","","","","","",2013-04-05 16:48:36,"DoanT",2013-04-05 16:48:36,"ArguetaA",True,True,False,True,False,1,490
494,"AVP","AVIVA L. POCZTER","","","","","","",2010-11-12 14:15:09,"RauschE",2010-11-23 10:36:14,"McDermoJ",True,True,False,True,False,1,509
141,"BAN","BARBARA A. NELSON","","","","","","",2003-08-10 11:31:57.427000000,"",,"NoleJ",True,True,False,True,False,1,487
142,"BAR","RICO J. BARTOLOMEI","","","","","","",2003-08-10 11:31:57.427000000,"",,"OlivareV",True,True,False,True,False,1,512
380,"BAT","BRUCE A. TAYLOR","","","","","","",2006-03-03 13:26:40,"LeeSu",2006-03-03 13:26:40,"LeslieD",True,True,False,True,False,1,508
143,"BAZ","BERTHA A. ZUNIGA","","","","","","",2003-08-10 11:31:57.427000000,"",,"YbarraM",True,True,False,True,False,1,501
144,"BHS","BRIAN H. SIMPSON","","","","","","",2003-08-10 11:31:57.427000000,"",,"GuiulfoA",True,True,False,True,False,1,379
145,"BJE","BRUCE J. EINHORN","","","","","","",2003-08-10 11:31:57.427000000,"",2011-02-10 10:41:17,"MorrowM",False,True,False,True,False,1,431
146,"BJH","BERNARD J. HORNBACH","","","","","","",2003-08-10 11:31:57.427000000,"",2011-02-10 10:40:40,"HodskinS",False,True,False,True,False,1,1
444,"BJP","BARRY J. PETTINATO","","","","","","",2009-11-24 08:21:39,"MillerAn",2009-11-24 08:21:39,"SheleyS",True,True,False,True,False,1,509
147,"BKS","BETTE KANE STOCKTON","","","","","","",2003-08-10 11:31:57.427000000,"",,"LopezF",True,True,False,True,False,1,466
148,"BLF","BRIGITTE LAFOREST","","","","","","",2003-08-10 11:31:57.427000000,"",,"NoleJ",True,True,False,True,False,1,513
149,"BMB","BRUCE M. BARRETT","","","","","","",2003-08-10 00:00:00,"",2011-02-10 10:41:41,"CookB",False,True,False,True,False,1,515
150,"BMO","BRIAN M. O'LEARY","","","","","","",2003-08-10 11:31:57.427000000,"",,"SimmonsR",True,True,False,True,False,1,511
151,"BMP","BEVERLEY M. PHILLIPS","","","","","","",2003-08-10 11:31:57.427000000,"",2011-02-10 10:40:55,"GiuntaB",False,True,False,True,False,1,453
421,"BP1","BRETT M. PARCHERT","","","","","","",2008-12-22 13:33:03,"HodskinS",2008-12-22 13:33:03,"ArguetaA",True,True,False,True,False,1,478
152,"BQM","BERNABE Q. MALDONADO","","","","","","",2003-08-10 11:31:57.427000000,"",,"",False,True,False,True,False,1,1
505,"BSC","BARRY S. CHAIT","","","","","","",2011-10-27 13:08:54,"RauschE",2011-10-27 13:08:54,"DeLussoS",True,True,False,True,False,1,516
153,"BWD","BILLINO W D'AMBROSIO","","","","","","",2003-08-10 11:31:57.427000000,"",,"McDermoJ",False,True,False,True,False,1,511
154,"BWS","BRUCE W. SOLOW","","","","","","",2003-08-10 11:31:57.427000000,"",,"LoaizaV",True,True,False,True,False,1,497
321,"CAB","CHRISTINE A. BITHER","","","","","","",2003-03-28 08:39:47.157000000,"",,"ArguetaA",True,True,False,True,False,1,498
155,"CAD","CHARLES A. DEL BENE","","","","","","",2003-08-10 11:31:57.427000000,"",2011-02-10 10:42:26,"HodskinS",False,True,False,True,False,1,1
512,"CAH","CRAIG A. HARLOW","","","","","","",2013-02-13 12:33:47,"DoanT",2013-02-13 12:33:47,"MayorgaA",True,True,False,True,False,1,497
156,"CAK","CAROL A. KING","","","","","","",2003-08-10 11:31:57.427000000,"",,"McDermoJ",True,True,False,True,False,1,502
157,"CAL","CHARLES A. LAUER","","","","","","",2003-08-10 11:31:57.427000000,"",,"YbarraM",False,True,False,True,False,1,474
508,"CAS","CHRISTOPHER A. SANTORO","","","","","","",2012-04-09 16:33:39,"HodskinS",2012-04-09 16:33:39,"EliotB",True,True,False,True,False,1,514
158,"CAW","CHARLES A. WIEGAND, III","","","","","","",2003-08-10 11:31:57.427000000,"",2011-02-10 10:42:45,"HodskinS",False,True,False,True,False,1,495
367,"CBA","CHRIS A. BRISACK","","","","","","",2005-02-25 08:25:59,"CannettF",2005-02-25 08:25:59,"YbarraM",True,True,False,True,False,1,504
159,"CC","CARLOS CUEVAS","","","","","","",2003-08-10 11:31:57.427000000,"",,"MikulaJ",True,True,False,True,False,339,512
160,"CDB","CRAIG DE BERNARDIS","","","","","","",2003-08-10 11:31:57.427000000,"",,"WrightJ",False,True,False,True,False,1,438
161,"CEP","CHARLES E. PAZAR","","","","","","",2003-08-10 11:31:57.427000000,"",,"ArguetaA",True,True,False,True,False,1,487
162,"CES","CHRISTINE E STANCILL","","","","","","",2003-08-10 11:31:57.427000000,"",2010-09-23 11:06:45,"ArguetaA",True,True,False,True,False,1,503
163,"CHC","CARY H. COPELAND","","","","","","",2003-08-10 11:31:57.427000000,"",2011-02-10 10:42:14,"HodskinS",False,True,False,True,False,1,460
469,"CJL","JOREN LYONS","","","","","","",2010-10-05 10:47:11,"HuangC",2010-10-05 10:47:11,"Jauregma",True,True,False,True,False,1,497
164,"CJS","CHARLES J. SANDERS","","","","","","",2003-08-10 11:31:57.427000000,"",,"RabinovB",True,True,False,True,False,1,518
347,"CKA","CHARLES ADKINS-BLANCH","","","","","","",2004-09-14 08:15:16.310000000,"",2011-02-10 10:43:00,"GiuntaB",False,True,False,True,False,1,483
165,"CLR","CLERICAL TRANSFER CODE","","","","","","",2003-08-10 11:31:57.427000000,"",2009-12-04 10:33:28,"MikulaJ",False,True,False,True,False,1,514
166,"CMH","CHARLES M. HONEYMAN","","","","","","",2003-08-10 11:31:57.427000000,"",,"YbarraM",True,True,False,True,False,1,482
167,"CMR","CLAREASE RANKIN YATES","","","","","","",2003-08-10 11:31:57.427000000,"",,"YbarraM",True,True,False,True,False,1,486
465,"CMW","CLARENCE M. WAGNER","","","","","","",2010-09-20 11:27:14,"RauschE",2010-09-20 11:27:14,"",True,True,False,True,False,1,1
168,"CMZ","CRAIG M. ZERBE","","","","","","",2003-08-10 11:31:57.427000000,"",,"MikulaJ",True,True,False,True,False,340,518
382,"CRH","CAREY R. HOLLIDAY","","","","","","",2006-05-12 14:09:42,"LeeSu",2011-02-10 10:41:59,"HeilmanM",False,True,False,True,False,1,497
169,"DA","DAVID AYALA","","","","","","",2003-08-10 11:31:57.427000000,"",,"YbarraM",True,True,False,True,False,1,480
170,"DAL","DEAN A. LEVAY","","","","","","",2003-08-10 11:31:57.427000000,"",2011-02-10 10:45:44,"HodskinS",False,True,False,True,False,1,1
171,"DAM","DANIEL A. MEISNER","","","","","","",2003-08-10 11:31:57.427000000,"",2011-02-10 10:44:06,"HodskinS",False,True,False,True,False,1,326
172,"DAR","D. ANTHONY ROGERS","","","","","","",2003-08-10 11:31:57.427000000,"",2011-02-10 10:43:18,"HeilmanM",False,True,False,True,False,1,485
441,"DB","DAVID BURKE","","","","","","",2009-11-12 11:05:43,"MillerAn",2009-11-12 11:05:43,"ArguetaA",True,True,False,True,False,1,483
411,"DBP","DUSTIN PEAD","","","","","","",2008-04-14 13:51:26,"HodskinS",2008-04-14 13:51:26,"ZisumboT",True,True,False,True,False,1,484
173,"DBS","DOUGLAS B. SCHOPPERT","","","","","","",2003-08-10 11:31:57.427000000,"",,"NoleJ",True,True,False,True,False,1,503
325,"DCA","DAVID C. ANDERSON","","","","","","",2003-04-07 13:38:30.077000000,"",,"ArguetaA",True,True,False,True,False,1,517
174,"DDB","DOROTHY DUNKEL-BRADLEY","","","","","","",2003-08-10 11:31:57.427000000,"",,"ArguetaA",True,True,False,True,False,1,504
175,"DDS","D.D. SITGRAVES","","","","","","",2003-08-10 11:31:57.427000000,"",,"ArguetaA",True,True,False,True,False,1,485
348,"DE","DANIEL ECHAVARREN","","","","","","",2004-09-14 08:15:16.310000000,"",2011-02-10 10:44:27,"HodskinS",False,True,False,True,False,1,1
176,"DFC","DENNIS F. COUPE","","","","","","",2003-08-10 11:31:57.427000000,"",,"",False,True,False,True,False,1,1
391,"DH","DOROTHY A. HARBECK","","","","","","",2006-09-19 13:44:44,"ohs",2006-09-22 10:59:28,"NoleJ",True,True,False,True,False,1,493
498,"DHP","DAVID H. PARUCH","","","","","","",2010-12-14 13:57:44,"RauschE",2010-12-14 13:57:44,"MikulaJ",True,True,False,True,False,1,496
177,"DHS","DEITRICH H. SIMS","","","","","","",2003-08-10 11:31:57.427000000,"",,"GoodrumG",True,True,False,True,False,1,507
178,"DJC","DAVID J. CORDOVA","","","","","","",2003-08-10 11:31:57.427000000,"",,"YbarraM",True,True,False,True,False,1,510
485,"DJS","DANIEL J. SANTANDER","","","","","","",2010-10-22 10:54:12,"KhanS",2010-10-22 10:54:12,"MayorgaA",True,True,False,True,False,1,497
401,"DL","DANIEL LIPPMAN","","","","","","",2008-02-19 08:49:15,"ohs",2008-05-13 13:52:18,"SimmonsR",True,True,False,True,False,1,477
179,"DLK","DANIEL L. KAHN","","","","","","",2003-08-10 11:31:57.427000000,"",,"PerdomoD",False,True,False,True,False,1,391
180,"DLL","DONN L. LIVINGSTON","","","","","","",2003-08-10 11:31:57.427000000,"",,"GomezAn",True,True,False,True,False,1,517
356,"DLM","DANA L. MARKS","","","","","","",2004-10-18 00:00:00,"ohs",2004-10-18 12:54:17,"Jauregma",True,True,False,True,False,1,508
349,"DLN","DAVID L. NEAL","","","","","","",2004-09-14 08:15:16.310000000,"",2011-02-10 10:45:00,"GiuntaB",False,True,False,True,False,1,478
420,"DM","DANIEL A. MORRIS","","","","","","",2008-10-26 14:25:44,"MadanA",2009-04-08 10:32:59,"AtkinsoH",True,True,False,True,False,1,512
181,"DMB","DAYNA BEAMER","","","","","","",2003-08-10 11:31:57.427000000,"",,"ArguetaA",True,True,False,True,False,1,499
182,"DMK","DANA L. MARKS","","","","","","",2003-08-10 00:00:00,"",2004-10-18 13:53:12,"ohs",False,True,False,True,False,1,1
183,"DML","DENISE M. LANE","","","","","","",2003-08-10 11:31:57.427000000,"",,"RabinovB",True,True,False,True,False,1,501
499,"DNM","DEEPALI NADKARNI","","","","","","",2011-03-11 16:36:44,"RauschE",2011-04-07 12:11:49,"DeLussoS",True,True,False,True,False,1,517
184,"DNS","DENISE N. SLAVIN","","","","","","",2003-08-10 11:31:57.427000000,"",,"SimmonsR",True,True,False,True,False,1,502
185,"DRJ","DENNIS R. JAMES","","","","","","",2003-08-10 11:31:57.427000000,"",2011-03-16 12:51:47,"CelayaG",True,True,False,True,False,1,489
186,"DRS","DARLENE R. SELIGMAN","","","","","","",2003-08-10 11:31:57.427000000,"",,"",False,True,False,True,False,1,1
480,"DTB","DAN TRIMBLE","","","","","","",2010-10-18 18:10:23,"KhanS",2010-10-18 18:10:23,"DeLussoS",True,True,False,True,False,1,509
187,"DVF","DONALD V. FERLISE","","","","","","",2003-08-10 11:31:57.427000000,"",2011-02-10 10:46:38,"HodskinS",False,True,False,True,False,1,429
188,"DWC","DAVID W.CROSLAND","","","","","","",2003-08-10 11:31:57.427000000,"",,"EliotB",True,True,False,True,False,1,503
393,"DWE","D. WILLIAM EVANS, JR.","","","","","","",2006-10-20 16:35:10,"AhnK",2011-02-10 10:43:31,"McClainP",True,True,False,True,False,1,497
189,"EAH","ELIZABETH A. HACKER","","","","","","",2003-08-10 11:31:57.427000000,"",,"YbarraM",True,True,False,True,False,1,511
377,"EAK","ELIZABETH A. KESSLER","","","","","","",2006-01-09 15:51:13,"LeeSu",2006-01-11 15:54:57,"YbarraM",True,True,False,True,False,1,506
190,"EAL","ELIZABETH A. LAMB","","","","","","",2003-08-10 11:31:57.427000000,"",,"NoleJ",True,True,False,True,False,1,502
374,"EBW","EARLE B WILSON","","","","","","",2005-09-29 16:25:19,"Forsmany",2005-09-29 16:25:19,"DeLussoS",True,True,False,True,False,1,511
191,"ECC","ESMERALDA CABRERA","","","","","","",2003-08-10 11:31:57.427000000,"",2011-02-10 10:47:08,"HodskinS",False,True,False,True,False,1,393
192,"ECK","ELIZA C. KLEIN","","","","","","",2003-08-10 11:31:57.427000000,"",,"MikulaJ",True,True,False,True,False,1,513
500,"EFK","EDWARD F. KELLY","","","","","","",2011-03-16 16:08:54,"KhanS",2011-03-16 16:08:54,"GoodrumG",True,True,False,True,False,1,492
516,"EHM","ELIZABETH H. MCGRAIL","","","","","","",2013-04-22 10:46:24,"DoanT",2013-04-22 10:46:24,"ArguetaA",True,True,False,True,False,1,491
193,"EMS","ELISA M. SUKKAR","","","","","","",2003-08-10 11:31:57.427000000,"",,"RabinovB",True,True,False,True,False,1,503
194,"EP","EUGENE PUGLIESE","","","","","","",2003-08-10 11:31:57.427000000,"",,"RossyH",True,True,False,True,False,1,491
195,"ERH","EDWIN R. HUGHES","","","","","","",2003-08-10 11:31:57.427000000,"",,"YbarraM",True,True,False,True,False,1,507
196,"ERK","EDWARD R. KANDLER","","","","","","",2003-08-10 11:31:57.427000000,"",,"ChunO",True,True,False,True,False,1,514
470,"ERT","EILEEN R. TRUJILLO","","","","","","",2010-10-07 13:28:27,"HuangC",2010-10-07 13:28:27,"GomezAn",True,True,False,True,False,1,514
197,"ET","ELEAZAR TOVAR","","","","","","",2003-08-10 11:31:57.427000000,"",,"YbarraM",True,True,False,True,False,1,472
373,"EWB","Earle B Wilson","","","","","","",2005-09-29 16:22:23,"Forsmany",2009-07-14 14:30:40,"HodskinS",False,True,False,True,False,1,1
381,"FGL","FREDERIC G. LEEDS","","","","","","",2006-04-05 16:36:54,"LeeSu",2007-10-29 10:23:39,"YbarraM",True,True,False,True,False,1,477
394,"FJG","Fred J. Guzzo","","","","","","",2006-10-20 16:31:16,"AhnK",2011-02-10 10:47:41,"HodskinS",False,True,False,True,False,1,398
198,"FJL","FRANCIS J. LYONS","","","","","","",2003-08-10 11:31:57.427000000,"",,"HarrisA",False,True,False,True,False,1,489
350,"FLC","FRANCIS L. CRAMER","","","","","","",2004-09-14 08:15:16.310000000,"",,"McDermoJ",True,True,False,True,False,1,515
385,"FMT","FRANK M. TRAVIESO","","","","","","",2006-05-23 16:00:06,"LeeSu",2006-05-26 15:34:06,"ArguetaA",True,True,False,True,False,1,508
199,"GA","GITA VAHID-TEHRANI","","","","","","",2003-08-10 11:31:57.427000000,"",,"ArguetaA",True,True,False,True,False,1,505
200,"GAS","GRACE A. SEASE","","","","","","",2003-08-10 11:31:57.427000000,"",2011-02-10 10:50:50,"DeLussoS",False,True,False,True,False,1,518
201,"GBP","GAIL PADGETT","","","","","","",2003-08-10 11:31:57.427000000,"",2011-02-10 10:48:18,"GiuntaB",False,True,False,True,False,1,455
202,"GCV","GABRIEL C. VIDELA","","","","","","",2003-08-10 11:31:57.427000000,"",,"YbarraM",True,True,False,True,False,1,475
203,"GDB","GARY D. BURKHOLDER","","","","","","",2003-08-10 11:31:57.427000000,"",,"MayorgaA",True,True,False,True,False,1,502
366,"GDM","GARRY D. MALPHRUS","","","","","","",2005-02-25 08:25:16,"CannettF",2011-02-10 10:48:41,"HallV",False,True,False,True,False,1,498
204,"GDV","GUSTAVO D. VILLAGELIU","","","","","","",2003-08-10 11:31:57.427000000,"",,"SimmonsR",False,True,False,True,False,1,512
357,"GLB","GLEN L. BOWER","","","","","","",2004-12-02 16:34:19,"ohs",2011-02-10 10:50:27,"HodskinS",False,True,False,True,False,1,443
435,"GMP","GEORGINA M. PICOS","","","","","","",2009-04-08 18:12:58,"HodskinS",2011-02-10 10:49:45,"HodskinS",False,True,False,True,False,1,1
205,"GMR","G. M. RAST","","","","","","",2003-08-10 11:31:57.427000000,"",2011-02-10 10:48:00,"HodskinS",False,True,False,True,False,339,436
206,"GNB","GAYLYN N. BOONE","","","","","","",2003-08-10 11:31:57.427000000,"",2011-02-10 10:49:04,"HodskinS",False,True,False,True,False,1,1
358,"GPK","GEORGE P. KATSIVALIS","","","","","","",2004-12-06 14:36:03,"ohs",2011-02-10 10:49:28,"HodskinS",False,True,False,True,False,1,452
207,"GPM","GLENN P. MCPHAUL","","","","","","",2003-08-10 11:31:57.427000000,"",,"YbarraM",True,True,False,True,False,1,487
497,"GRG","GUADALUPE R. GONZALEZ","","","","","","",2010-11-30 16:41:43,"RauschE",2010-11-30 16:41:43,"SilvaM",True,True,False,True,False,1,496
364,"GS","GARY W. SMITH","","","","","","",2005-02-25 08:22:36,"CannettF",2005-02-25 08:22:36,"BraunI",True,True,False,True,False,1,512
208,"GTC","GEORGE T. CHEW","","","","","","",2003-08-10 11:31:57.427000000,"",,"NoleJ",True,True,False,True,False,1,511
209,"GTG","GILBERT T. GEMBACZ","","","","","","",2003-08-10 11:31:57.427000000,"",2011-02-10 10:50:08,"MorrowM",False,True,False,True,False,1,445
415,"GUC","CRIMILDA  GUILLOTY ","","","","","","",2008-08-06 10:12:12,"HodskinS",2008-08-06 10:12:12,"YbarraM",True,True,False,True,False,1,515
322,"GWP","GEORGE W. PROCTOR","","","","","","",2003-03-28 08:40:27.060000000,"",,"ArguetaA",True,True,False,True,False,1,500
210,"GWS","GORDON W. SACKS","","","","","","",2003-08-10 11:31:57.427000000,"",,"HarrisA",False,True,False,True,False,1,484
211,"GZM","GREGORY Z. MEYERSON","","","","","","",2003-08-10 11:31:57.427000000,"",2013-02-13 15:02:41,"HarrisA",False,True,False,True,False,1,487
212,"HBM","HARRIET B. MARPLE","","","","","","",2003-08-10 11:31:57.427000000,"",,"",False,True,False,True,False,1,1
213,"HEA","HOWARD E. ACHTSAM","","","","","","",2003-08-10 11:31:57.427000000,"",,"YbarraM",True,True,False,True,False,1,475
214,"HGW","HENRY G. WATKINS","","","","","","",2003-08-10 11:31:57.427000000,"",2012-04-11 08:13:30,"OlivareV",True,True,False,True,False,1,517
215,"HIC","HOWARD I. COHEN","","","","","","",2003-08-10 11:31:57.427000000,"",,"HarrisA",False,True,False,True,False,1,492
216,"HJA","H. JERE ARMSTRONG","","","","","","",2003-08-10 11:31:57.427000000,"",2011-02-10 10:51:08,"HodskinS",False,True,False,True,False,1,357
217,"HJS","HELEN SICHEL","","","","","","",2003-08-10 11:31:57.427000000,"",,"NoleJ",True,True,False,True,False,1,495
489,"HKM","H. KEVIN MART","","","","","","",2010-10-28 13:49:23,"HodskinS",2010-10-28 13:49:23,"RabinovB",True,True,False,True,False,1,497
218,"HLG","HARRY L. GASTLEY","","","","","","",2003-08-10 11:31:57.427000000,"",,"GoodrumG",True,True,False,True,False,1,484
219,"HLK","H. LLOYD KING JR.","","","","","","",2003-08-10 11:31:57.427000000,"",,"SimmonsR",False,True,False,True,False,1,470
220,"HO","ANNA HO","","","","","","",2003-08-10 11:31:57.427000000,"",,"ArguetaA",True,True,False,True,False,1,502
221,"HPI","HENRY P. IPEMA","","","","","","",2003-08-10 11:31:57.427000000,"",,"OlivareV",True,True,False,True,False,1,509
389,"HR","HOWARD ROSE","","","","","","",2006-08-24 16:42:28,"ohs",2006-08-24 16:42:28,"GoodrumG",True,True,False,True,False,1,516
222,"HSD","HENRY S. DOGIN","","","","","","",2003-08-10 11:31:57.427000000,"",2011-02-10 10:51:24,"GiuntaB",False,True,False,True,False,1,488
223,"HVW","HOWARD VAN WINKLE","","","","","","",2003-08-10 11:31:57.427000000,"",2011-02-10 10:51:45,"HodskinS",False,True,False,True,False,1,444
224,"IBB","ISABEL BRONZINA","","","","","","",2003-08-10 11:31:57.427000000,"",,"ArguetaA",True,True,False,True,False,1,509
414,"ICF","IRENE C. FELDMAN","","","","","","",2008-08-05 11:02:01,"HodskinS",2008-08-05 11:02:01,"CrouchJ",True,True,False,True,False,1,514
225,"IEB","IRA BANK","","","","","","",2003-08-10 11:31:57.427000000,"",,"ArguetaA",True,True,False,True,False,1,510
226,"IJ1","TRAINING IJ FOR MIAMI","","","","","","",2003-08-10 11:31:57.427000000,"",,"",False,True,False,True,False,1,1
227,"IJ2","TRAINING IJ FOR MIAMI","","","","","","",2003-08-10 11:31:57.427000000,"",,"ArguetaA",False,True,False,True,False,1,477
228,"IJ3","TRAINING IJ FOR MIAMI","","","","","","",2003-08-10 11:31:57.427000000,"",,"",False,True,False,True,False,1,1
229,"IJ6","NEW IJ #6","","","","","","",2003-08-10 11:31:57.427000000,"",,"ArguetaA",False,True,False,True,False,1,513
230,"IJ7","NEW IJ #7","","","","","","",2003-08-10 11:31:57.427000000,"",,"",False,True,False,True,False,1,1
231,"IJ8","NEW IJ #8","","","","","","",2003-08-10 11:31:57.427000000,"",,"",False,True,False,True,False,1,1
232,"IJ9","NEW IJ #9","","","","","","",2003-08-10 11:31:57.427000000,"",,"",False,True,False,True,False,1,1
233,"IKH","INGRID K. HRYCENKO","","","","","","",2003-08-10 11:31:57.427000000,"",2011-02-10 10:52:08,"HodskinS",False,True,False,True,False,1,350
234,"ILD","IRMA LOPEZ DEFILLO","","","","","","",2003-08-10 11:31:57.427000000,"",,"YbarraM",True,True,False,True,False,1,503
235,"IPF","IGNACIO P. FERNANDEZ","","","","","","",2003-08-10 11:31:57.427000000,"",,"OlivareV",True,True,False,True,False,1,508
236,"IS","IRA SANDRON","","","","","","",2003-08-10 11:31:57.427000000,"",,"SimmonsR",False,True,False,True,False,1,499
237,"IW","IRENE WEISS","","","","","","",2003-08-10 11:31:57.427000000,"",2011-02-10 10:52:33,"GiuntaB",False,True,False,True,False,1,476
238,"J10","NEW IJ # 10","","","","","","",2003-08-10 11:31:57.427000000,"",,"",False,True,False,True,False,1,1
239,"J11","NEW IJ #11","","","","","","",2003-08-10 11:31:57.427000000,"",,"",False,True,False,True,False,1,1
240,"J12","NEW IJ #12","","","","","","",2003-08-10 11:31:57.427000000,"",,"",False,True,False,True,False,1,1
241,"J13","NEW IJ #13","","","","","","",2003-08-10 11:31:57.427000000,"",,"",False,True,False,True,False,1,1
387,"J8B","JAVIER E. BALASQUIDE","","","","","","",2006-07-07 12:27:48,"LeeSu",2006-07-07 12:27:48,"",False,True,False,True,False,1,1
437,"JAB","JOYCE A. BAKKE","","","","","","",2009-10-08 10:09:59,"MillerAn",2009-11-18 10:47:03,"MillerAn",False,True,False,True,False,1,427
242,"JAD","JOHN A. DUCK, JR.","","","","","","",2003-08-10 11:31:57.427000000,"",,"YbarraM",True,True,False,True,False,1,473
326,"JAS","JOHN W. SALTER","","","","","","",2003-04-07 13:38:37.653000000,"",2011-02-10 10:55:44,"HodskinS",False,True,False,True,False,1,1
243,"JB","JOANNA M. BUKSZPAN","","","","","","",2003-08-10 11:31:57.427000000,"",,"NoleJ",True,True,False,True,False,1,488
464,"JBC","JESSE B. CHRISTENSEN","","","","","","",2010-09-17 17:35:37,"HuangC",2010-09-17 17:35:37,"NoleJ",True,True,False,True,False,1,505
244,"JBR","JOHN B. REID","","","","","","",2003-08-10 11:31:57.427000000,"",,"BraunI",True,True,False,True,False,1,498
484,"JBS","JERRY A. BEATMANN, Sr. ","","","","","","",2010-10-22 10:20:45,"KhanS",2010-10-22 10:20:45,"VelvinU",True,True,False,True,False,1,494
442,"JBV","JOYCE BAKKE VARZANDEH","","","","","","",2009-11-18 10:47:16,"MillerAn",2009-11-18 10:47:16,"MikulaJ",True,True,False,True,False,1,517
449,"JCL","JESUS CLEMENTE","","","","","","",2010-03-24 12:31:40,"HodskinS",2010-03-24 12:31:40,"YbarraM",True,True,False,True,False,1,500
515,"JCO","JOHN C. ODELL","","","","","","",2013-04-17 13:40:07,"HodskinS",2013-04-17 13:40:07,"",True,True,False,True,False,1,1
245,"JCW","JOHN C. WILLIAMS","","","","","","",2003-08-10 11:31:57.427000000,"",2011-03-16 09:04:54,"OlivareV",True,True,False,True,False,1,506
246,"JD","JOSEPH DIERKES","","","","","","",2003-08-10 11:31:57.427000000,"",2011-02-10 10:56:25,"MorrowM",False,True,False,True,False,1,462
247,"JDC","JOHN D. CARTE'","","","","","","",2003-08-10 11:31:57.427000000,"",2010-06-21 09:57:55,"YbarraM",True,True,False,True,False,1,504
248,"JDD","J. DANIEL DOWELL","","","","","","",2003-08-10 11:31:57.427000000,"",,"RabinovB",True,True,False,True,False,1,496
249,"JDL","JAN D. LATIMORE","","","","","","",2003-08-10 11:31:57.427000000,"",,"ArguetaA",True,True,False,True,False,1,514
250,"JDM","JOE D. MILLER","","","","","","",2003-08-10 11:31:57.427000000,"",2011-02-10 10:54:46,"HodskinS",False,True,False,True,False,1,456
390,"JDP","J. DAN PELLETIER","","","","","","",2006-09-12 15:05:28,"LeeSu",2011-05-02 13:39:53,"DeLussoS",True,True,False,True,False,1,515
251,"JDT","JOHN D. TAYLOR","","","","","","",2003-08-10 11:31:57.427000000,"",2011-02-10 10:55:22,"MorrowM",False,True,False,True,False,1,468
403,"JDV","JAMES DEVITTO","","","","","","",2008-03-06 17:25:49,"NongP",2008-03-06 17:25:49,"CrouchJ",True,True,False,True,False,1,515
388,"JEB","JAVIER E. BALASQUIDE","","","","","","",2006-08-15 15:43:03,"LeeSu",2006-08-15 15:43:03,"YbarraM",True,True,False,True,False,1,479
252,"JFG","JOHN F. GOSSART, JR.","","","","","","",2003-08-10 11:31:57.427000000,"",,"YbarraM",True,True,False,True,False,1,493
253,"JFW","JOHN F. WALSH","","","","","","",2003-08-10 11:31:57.427000000,"",,"ArguetaA",True,True,False,True,False,1,496
425,"JG","JAMES K. GRIM","","","","","","",2009-03-27 16:06:22,"HodskinS",2011-02-24 15:03:17,"MayorgaA",True,True,False,True,False,1,494
254,"JHD","JILL H. DUFRESNE","","","","","","",2003-08-10 11:31:57.427000000,"",,"MikulaJ",True,True,False,True,False,1,500
255,"JHW","JACK H. WEIL","","","","","","",2003-08-10 11:31:57.427000000,"",,"ZelenkaR",True,True,False,True,False,1,512
399,"JJB","JEFFREY J. BERNSTEIN","","","","","","",2007-12-21 09:47:46,"HodskinS",2009-12-23 14:14:30,"HodskinS",False,True,False,True,False,1,426
256,"JJM","JOHN J. MC CARRICK","","","","","","",2003-08-10 11:31:57.427000000,"",,"HernandC",False,True,False,True,False,1,359
257,"JKS","JOHN K. SPEER","","","","","","",2003-08-10 11:31:57.427000000,"",,"HarrisA",False,True,False,True,False,1,515
419,"JLA","JACK L. ANDERSON","","","","","","",2008-10-26 14:21:42,"MadanA",2008-12-19 10:12:11,"AtkinsoH",True,True,False,True,False,1,503
258,"JLB","JIMMIE LEE BENTON","","","","","","",2003-08-10 11:31:57.427000000,"",,"VelvinU",True,True,False,True,False,1,500
259,"JLG","JENNIE L. GIAMBASTIANI","","","","","","",2003-08-10 11:31:57.427000000,"",,"MikulaJ",True,True,False,True,False,1,510
476,"JLP","F. JAMES LOPREST","","","","","","",2010-10-14 16:00:45,"KhanS",2010-10-14 16:00:45,"NoleJ",True,True,False,True,False,1,489
260,"JLR","JEFFREY L. ROMIG","","","","","","",2003-08-10 11:31:57.427000000,"",,"Jauregma",True,True,False,True,False,1,516
261,"JMB","JOHN MILO BRYANT","","","","","","",2003-08-10 11:31:57.427000000,"",,"EliotB",True,True,False,True,False,1,502
262,"JMR","JOSEPH M. RAGUSA","","","","","","",2003-08-10 11:31:57.427000000,"",2011-02-10 10:56:49,"HodskinS",False,True,False,True,False,1,1
263,"JMS","JESSE M. SELLERS","","","","","","",2003-08-10 11:31:57.427000000,"",,"",False,True,False,True,False,1,1
365,"JN","JAMES NUGENT","","","","","","",2005-02-25 08:24:12,"CannettF",2005-02-25 08:24:12,"YbarraM",True,True,False,True,False,1,514
264,"JO","JOHN OPACIUCH","","","","","","",2003-08-10 11:31:57.427000000,"",,"RabinovB",True,True,False,True,False,1,512
265,"JPR","JAMES P. REYNOLDS","","","","","","",2003-08-10 11:31:57.427000000,"",,"",False,True,False,True,False,1,1
266,"JPV","J. P. VANDELLO","","","","","","",2003-08-10 11:31:57.427000000,"",,"GomezAn",True,True,False,True,False,1,513
267,"JR","JOSEPH RUSSELBURG","","","","","","",2003-08-10 11:31:57.427000000,"",2011-02-10 10:57:15,"HodskinS",False,True,False,True,False,1,1
268,"JRF","JAMES R. FUJIMOTO","","","","","","",2003-08-10 11:31:57.427000000,"",,"MikulaJ",True,True,False,True,False,1,516
422,"JRO","JOHN R. O'MALLEY","","","","","","",2009-01-12 10:10:59,"KumarA",2009-01-15 15:21:52,"ChoateD",True,True,False,True,False,1,501
269,"JS","JAY SEGAL","","","","","","",2003-08-10 11:31:57.427000000,"",2011-02-10 10:52:53,"HodskinS",False,True,False,True,False,1,1
270,"JSC","JEFFREY S. CHASE","","","","","","",2003-08-10 11:31:57.427000000,"",2011-02-10 10:53:20,"GibbsK",False,True,False,True,False,1,460
271,"JSS","JOSE S. SIMONET","","","","","","",2003-08-10 11:31:57.427000000,"",,"HarrisA",False,True,False,True,False,1,486
513,"JTH","J. TRACI HONG","","","","","","",2013-04-05 15:14:25,"DoanT",2013-04-05 15:14:25,"OlivareV",True,True,False,True,False,1,505
272,"JTZ","JOHN T. ZASTROW","","","","","","",2003-08-10 11:31:57.427000000,"",,"WrightJ",False,True,False,True,False,1,440
273,"JV","JOSEPH VAIL","","","","","","",2003-08-10 11:31:57.427000000,"",,"",False,True,False,True,False,1,1
274,"JVC","JOAN V. CHURCHILL","","","","","","",2003-08-10 11:31:57.427000000,"",2011-02-10 10:54:29,"HodskinS",False,True,False,True,False,1,408
275,"JWD","JOHN W. DAVIS","","","","","","",2003-08-10 11:31:57.427000000,"",2007-10-09 15:49:53,"YbarraM",True,True,False,True,False,1,513
276,"JWR","JOHN W. RICHARDSON","","","","","","",2003-08-10 11:31:57.427000000,"",,"ZelenkaR",True,True,False,True,False,1,494
277,"JWS","JACK W. STATON","","","","","","",2003-08-10 11:31:57.427000000,"",,"SheleyS",True,True,False,True,False,1,507
278,"JZ","JEFFREY ZLATOW","","","","","","",2003-08-10 11:31:57.427000000,"",2011-02-10 10:53:38,"HodskinS",False,True,False,True,False,1,439
279,"KAB","KENNETH A. BAGLEY","","","","","","",2003-08-10 11:31:57.427000000,"",,"OlivareV",True,True,False,True,False,1,518
453,"KAL","KEITH ALLRED","","","","","","",2010-04-27 16:30:52,"HodskinS",2010-04-27 16:30:52,"NishikaL",True,True,False,True,False,1,488
402,"KC","KEVIN CHAPMAN","","","","","","",2008-02-19 13:31:34,"ohs",2008-02-19 13:31:34,"NoleJ",True,True,False,True,False,1,499
280,"KCW","KEITH C. WILLIAMS","","","","","","",2003-08-10 11:31:57.427000000,"",2011-02-10 10:57:37,"GiuntaB",False,True,False,True,False,1,458
281,"KDS","KEVIN D. SMITH","","","","","","",2003-08-10 11:31:57.427000000,"",,"WrightJ",False,True,False,True,False,1,451
282,"KGB","KEVIN G. BRADLEY","","","","","","",2003-08-10 11:31:57.427000000,"",,"RabinovB",True,True,False,True,False,1,517
467,"KHU","KEITH E. HUNSUCKER","","","","","","",2010-10-04 17:29:28,"RauschE",2010-10-06 13:02:17,"YbarraM",True,True,False,True,False,1,481
283,"KJ","KENNETH JOSEPHSON","","","","","","",2003-08-10 11:31:57.427000000,"",,"ChunO",True,True,False,True,False,1,515
284,"KSH","KENNETH S. HUREWITZ","","","","","","",2003-08-10 11:31:57.427000000,"",,"OviedoE",True,True,False,True,False,1,486
285,"KW","KENDALL WARREN","","","","","","",2003-08-10 11:31:57.427000000,"",2011-02-10 10:57:59,"HodskinS",False,True,False,True,False,1,372
286,"KWO","KRISTIN W. OLMANSON","","","","","","",2003-08-10 11:31:57.427000000,"",,"RimmerP",True,True,False,True,False,1,518
443,"KWR","KEVIN W. RILEY","","","","","","",2009-11-24 07:55:47,"MillerAn",2009-11-24 07:55:47,"ArguetaA",True,True,False,True,False,1,511
351,"LAB","LAURA A. BAXTER","","","","","","",2004-09-14 08:15:16.310000000,"",2011-02-10 10:58:29,"HodskinS",False,True,False,True,False,1,389
492,"LAF","LEO A. FINSTON","","","","","","",2010-11-12 13:47:30,"RauschE",2010-11-12 13:47:30,"RossyH",True,True,False,True,False,1,480
384,"LB7","LORI R. BASS","","","","","","",2006-05-23 15:59:14,"LeeSu",2006-05-23 15:59:14,"ArguetaA",True,True,False,True,False,1,516
287,"LD","LISA DORNELL","","","","","","",2003-08-10 11:31:57.427000000,"",,"YbarraM",True,True,False,True,False,1,496
288,"LH","LYNNE HANS","","","","","","",2003-08-10 11:31:57.427000000,"",,"",False,True,False,True,False,1,1
289,"LIS","LEONARD I. SHAPIRO","","","","","","",2003-08-10 11:31:57.427000000,"",,"McDermoJ",True,True,False,True,False,1,506
290,"LIV","LIVE JUDGE - BAL","","","","","","",2003-08-10 11:31:57.427000000,"",,"WrightJ",False,True,False,True,False,1,452
291,"LJM","LORRAINE J. MUNOZ","","","","","","",2003-08-10 11:31:57.427000000,"",,"ArguetaA",True,True,False,True,False,1,468
292,"LLR","LAURA L. RAMIREZ","","","","","","",2003-08-10 11:31:57.427000000,"",,"Jauregma",True,True,False,True,False,1,502
471,"LLU","LISA LUIS","","","","","","",2010-10-08 15:18:28,"KhanS",2012-03-02 16:47:13,"VelvinU",True,True,False,True,False,1,508
432,"LME","LOURDES MARTINEZ-ESQUIVEL","","","","","","",2009-04-07 15:20:59,"HodskinS",2009-04-09 11:48:18,"RabinovB",True,True,False,True,False,1,510
294,"LND","LAWRENCE DI COSTANZO","","","","","","",2003-08-10 11:31:57.427000000,"",,"SheleyS",True,True,False,True,False,1,510
295,"LOB","LAWRENCE O. BURMAN","","","","","","",2003-08-10 11:31:57.427000000,"",,"EliotB",True,True,False,True,False,1,497
455,"LOC","LEE O'CONNOR","","","","","","",2010-07-22 10:22:20,"HodskinS",2010-07-22 10:22:20,"ArguetaA",True,True,False,True,False,1,486
296,"LRB","LAWRENCE R. BURMAN","","","","","","",2003-08-10 11:31:57.427000000,"",,"",False,True,False,True,False,1,1
297,"LRD","LARRY R. DEAN","","","","","","",2003-08-10 11:31:57.427000000,"",,"YbarraM",True,True,False,True,False,1,478
406,"LRJ","LOURDES RODRIGUEZ DE JONGH","","","","","","",2008-03-10 14:39:45,"NongP",2008-03-10 14:39:45,"RabinovB",True,True,False,True,False,1,499
298,"LRM","LAUREN R. MATHON","","","","","","",2003-08-10 11:31:57.427000000,"",,"PerdomoD",False,True,False,True,False,1,362
299,"LRY","LINDA R. YANEZ","","","","","","",2003-08-10 11:31:57.427000000,"",,"",False,True,False,True,False,1,1
300,"LSF","LAMONTE S. FREERKS","","","","","","",2003-08-10 11:31:57.427000000,"",2009-03-20 13:59:15,"MayorgaA",True,True,False,True,False,1,493
353,"LSG","LORETO GEISSE","","","","","","",2004-09-14 08:15:16.310000000,"",,"YbarraM",True,True,False,True,False,1,509
404,"LSW","LINDA I. SPENCER-WALTERS","","","","","","",2008-03-06 17:27:20,"NongP",2008-03-06 17:27:20,"CrouchJ",True,True,False,True,False,1,516
301,"LTB","LILLIANA TORREH-BAYOUTH","","","","","","",2003-08-10 11:31:57.427000000,"",,"RabinovB",True,True,False,True,False,1,506
302,"MAK","MICHAEL A. KILROY","","","","","","",2003-08-10 11:31:57.427000000,"",2011-02-10 10:59:15,"HodskinS",False,True,False,True,False,1,1
303,"MAL","MITCHELL A. LEVINSKY","","","","","","",2003-08-10 11:31:57.427000000,"",2011-02-10 11:00:35,"HodskinS",False,True,False,True,False,1,459
304,"MAT","MATTHEW T. ADRIAN","","","","","","",2003-08-10 11:31:57.427000000,"",,"",False,True,False,True,False,1,1
305,"MB","MARGARET BURKHART","","","","","","",2003-08-10 11:31:57.427000000,"",,"YbarraM",True,True,False,True,False,1,505
337,"MC1","MASTER CALENDAR 1","","","","","","",2003-08-07 11:21:06.537000000,"",,"",True,True,False,True,False,1,1
338,"MC2","MASTER CALENDAR 2","","","","","","",2003-08-07 11:21:06.537000000,"",,"",True,True,False,True,False,1,1
339,"MC3","MASTER CALENDAR 3","","","","","","",2003-08-07 11:21:06.537000000,"",,"",True,True,False,True,False,1,1
306,"MCG","M. CHRISTOPHER GRANT","","","","","","",2003-08-10 11:31:57.427000000,"",2008-01-09 12:37:57,"YbarraM",False,True,False,True,False,1,517
307,"MCH","MICHAEL C. HORN","","","","","","",2003-08-10 11:31:57.427000000,"",,"RabinovB",True,True,False,True,False,1,515
308,"MCK","METCALFE C. KING","","","","","","",2003-08-10 11:31:57.427000000,"",,"",False,True,False,True,False,1,1
309,"MCM","MICHAEL C. MC GOINGS","","","","","","",2003-08-10 11:31:57.427000000,"",,"SuttonC",True,True,False,True,False,1,492
310,"MEP","M. EDWIN PRUD'HOMME","","","","","","",2003-08-10 11:31:57.427000000,"",,"YbarraM",False,True,False,True,False,1,518
311,"MFH","MAHLON F. HANSON","","","","","","",2003-08-10 11:31:57.427000000,"",2010-09-22 10:07:48,"MillerAn",False,True,False,True,False,1,413
312,"MFR","MICHAEL F. RAHILL","","","","","","",2003-08-10 11:31:57.427000000,"",2011-02-10 10:59:34,"HodskinS",False,True,False,True,False,1,408
313,"MFS","MARTIN F. SPIEGEL","","","","","","",2003-08-10 11:31:57.427000000,"",,"",False,True,False,True,False,1,1
502,"MGM","MADELINE GARCIA","","","","","","",2011-05-13 17:05:01,"RauschE",2011-05-13 17:05:01,"DeLussoS",True,True,False,True,False,1,514
314,"MH","MIRIAM HAYWARD","","","","","","",2003-08-10 11:31:57.427000000,"",,"MikulaJ",True,True,False,True,False,1,498
315,"MHB","MICHAEL H. BENNETT","","","","","","",2003-08-10 11:31:57.427000000,"",,"HarrisoB",True,True,False,True,False,1,518
379,"MHM","MARK H. METCALF","","","","","","",2006-01-12 15:01:51,"ohs",2011-02-10 10:58:51,"MorrowM",False,True,False,True,False,1,440
316,"MJC","MICHAEL J. CREPPY","","","","","","",2003-08-10 11:31:57.427000000,"",2011-02-10 11:00:11,"HodskinS",False,True,False,True,False,1,390
340,"MJD","MATTHEW J. D'ANGELO","","","","","","",2003-08-07 11:21:06.537000000,"",,"MikulaJ",True,True,False,True,False,1,511
317,"MJT","MARILYN J. TEETER","","","","","","",2003-08-10 11:31:57.427000000,"",,"YbarraM",True,True,False,True,False,1,479
318,"MJY","MICHAEL J. YAMAGUCHI","","","","","","",2003-08-10 11:31:57.427000000,"",,"Jauregma",True,True,False,True,False,1,503
319,"MK2","M. SUAREZ 2000","","","","","","",2003-08-10 11:31:57.427000000,"",,"",False,True,False,True,False,1,1
1,"MKM","MIRIAM K. MILLS","","","","","","",2003-08-10 11:31:57.427000000,"",,"YbarraM",True,True,False,True,False,1,494
363,"MKN","MARSHA K. NETTLES","","","","","","",2005-02-10 08:52:40,"CannettF",2005-02-10 08:52:40,"YbarraM",True,True,False,True,False,1,509
2,"MKS","MICHAEL K. SUAREZ","","","","","","",2003-08-10 11:31:57.427000000,"",,"YbarraM",False,True,False,True,False,1,476
427,"MLE","MARIA LOPEZ-ENRIQUEZ","","","","","","",2009-04-07 14:31:08,"HodskinS",2009-04-07 14:31:08,"RabinovB",True,True,False,True,False,1,498
426,"MMC","MARY CHENG","","","","","","",2009-04-03 14:19:21,"HodskinS",2009-04-03 14:21:47,"NoleJ",True,True,False,True,False,1,512
440,"MML","MONICA M. LITTLE","","","","","","",2009-10-14 11:43:37,"MillerAn",2009-10-14 11:43:37,"ArguetaA",True,True,False,True,False,1,480
396,"MMT","MIMI TSANKOV","","","","","","",2006-11-03 14:32:31,"LeeSu",2006-11-03 14:32:31,"ArguetaA",True,True,False,True,False,1,477
457,"MOS","MAUREEN O'SULLIVAN","","","","","","",2010-07-22 10:24:51,"HodskinS",2010-07-22 10:24:51,"McDermoJ",True,True,False,True,False,1,502
434,"MPB","MICHAEL P. BAIRD","","","","","","",2009-04-08 18:09:37,"HodskinS",2009-04-08 18:09:37,"GoodrumG",True,True,False,True,False,1,480
3,"MR","MICHAEL ROCCO","","","","","","",2003-08-10 11:31:57.427000000,"",,"CrouchJ",True,True,False,True,False,1,493
4,"MRR","MARGARET R. REICHENBERG","","","","","","",2003-08-10 11:31:57.427000000,"",,"YbarraM",True,True,False,True,False,1,482
5,"MSY","MIMI YAM","","","","","","",2003-08-10 11:31:57.427000000,"",2008-11-20 13:22:05,"YbarraM",True,True,False,True,False,1,483
6,"MT","MIRLANDE TADAL","","","","","","",2003-08-10 11:31:57.427000000,"",,"YbarraM",True,True,False,True,False,1,485
518,"MTK","MARY BETH KELLER","","","","","","",2013-05-24 13:19:46,"HodskinS",2013-05-24 13:19:46,"",True,True,False,True,False,1,1
7,"MVJ","ANTHONY J. RANDALL","","","","","","",2003-08-10 11:31:57.427000000,"",,"AllenA",False,True,False,True,False,1,423
8,"MWS","MICHAEL W. STRAUS","","","","","","",2003-08-10 11:31:57.427000000,"",2010-12-03 12:02:55,"McDermoJ",True,True,False,True,False,1,501
9,"NAF","NOEL A. FERRIS","","","","","","",2003-08-10 11:31:57.427000000,"",,"NoleJ",True,True,False,True,False,1,483
336,"NB","NOEL BRENNAN","","","","","","",2003-08-07 11:21:06.537000000,"",,"NoleJ",True,True,False,True,False,1,508
10,"NK","NICOLE KIM","","","","","","",2003-08-10 11:31:57.427000000,"",,"",False,True,False,True,False,1,1
11,"NRM","NANCY R. MCCORMACK","","","","","","",2003-08-10 11:31:57.427000000,"",,"RabinovB",True,True,False,True,False,1,514
12,"NSF","NEALE FOSTER","","","","","","",2003-08-10 11:31:57.427000000,"",2011-02-10 11:01:05,"GiuntaB",False,True,False,True,False,1,473
13,"NWG","NATHAN W. GORDON","","","","","","",2003-08-10 11:31:57.427000000,"",2012-03-02 14:19:07,"HarrisA",False,True,False,True,False,1,490
14,"OJB","O. JOHN BRAHOS","","","","","","",2003-08-10 11:31:57.427000000,"",2011-02-10 11:01:27,"HodskinS",False,True,False,True,False,1,421
433,"OMB","BRENDA O'MALLEY","","","","","","",2009-04-08 17:13:16,"HodskinS",2009-04-08 17:13:16,"McDermoJ",True,True,False,True,False,1,504
15,"PAM","PEDRO A. MIRANDA","","","","","","",2003-08-10 11:31:57.427000000,"",,"RabinovB",True,True,False,True,False,1,511
16,"PAN","PAUL A. NEJELSKI","","","","","","",2003-08-10 11:31:57.427000000,"",,"WrightJ",False,True,False,True,False,1,420
17,"PAR","PATRICIA A. ROHAN","","","","","","",2003-08-10 11:31:57.427000000,"",,"NoleJ",True,True,False,True,False,1,515
18,"PAW","POLLY A. WEBBER","","","","","","",2003-08-10 11:31:57.427000000,"",,"Jauregma",True,True,False,True,False,1,503
430,"PD1","PAULA V. DAVIS","","","","","","",2009-04-07 15:18:09,"HodskinS",2012-06-26 15:27:54,"ChoateD",True,True,False,True,False,1,495
19,"PDF","PAUL DEFONZO","","","","","","",2003-08-10 11:31:57.427000000,"",,"ChunO",True,True,False,True,False,1,512
407,"PDM","PHILIP L. DIMARZIO","","","","","","",2008-03-10 14:40:31,"NongP",2008-04-16 13:50:01,"MikulaJ",True,True,False,True,False,1,505
20,"PG","PAUL GRUSSENDORF","","","","","","",2003-08-10 11:31:57.427000000,"",2011-02-10 11:03:01,"HodskinS",False,True,False,True,False,1,1
21,"PJ","PAUL L. JOHNSTON","","","","","","",2003-08-10 11:31:57.427000000,"",2011-02-10 11:03:57,"HodskinS",False,True,False,True,False,340,427
459,"PJC","PHILIP J. COSTA","","","","","","",2010-07-22 10:26:29,"HodskinS",2011-11-08 10:32:57,"ArguetaA",True,True,False,True,False,1,488
22,"PJM","PHILIP J. MONTANTE JR","","","","","","",2003-08-10 11:31:57.427000000,"",,"SuttonC",True,True,False,True,False,1,486
496,"PLA","PETER L. ASHMAN","","","","","","",2010-11-29 15:17:32,"RauschE",2010-11-29 15:17:32,"ArguetaA",True,True,False,True,False,1,484
23,"PLJ","PAUL L JOHNSTON","","","","","","",2003-08-10 11:31:57.427000000,"",,"",False,True,False,True,False,1,1
24,"PLM","PHILIP L. MORACE","","","","","","",2003-08-10 11:31:57.427000000,"",,"NoleJ",True,True,False,True,False,1,481
25,"PMG","PAUL M. GAGNON","","","","","","",2003-08-10 11:31:57.427000000,"",,"McDermoJ",True,True,False,True,False,1,505
26,"PMM","MARGARET MCMANUS","","","","","","",2003-08-10 11:31:57.427000000,"",,"NoleJ",True,True,False,True,False,1,517
27,"PMS","PENNY M. SMITH","","","","","","",2003-08-10 11:31:57.427000000,"",2011-02-10 11:04:19,"HodskinS",False,True,False,True,False,1,429
28,"PPL","PHILIP P. LEADBETTER","","","","","","",2003-08-10 11:31:57.427000000,"",,"",False,True,False,True,False,1,1
400,"PRM","PRINT MAGGARD","","","","","","",2008-01-16 14:37:01,"HodskinS",2008-01-16 14:37:01,"Jauregma",True,True,False,True,False,1,501
29,"PS","PATRICIA SHEPPARD","","","","","","",2003-08-10 11:31:57.427000000,"",2011-02-10 11:01:50,"HodskinS",False,True,False,True,False,1,379
30,"PSL","PHILIP S. LAW","","","","","","",2003-08-10 11:31:57.427000000,"",,"OlivareV",True,True,False,True,False,1,507
323,"PTM","PATRICK T. MCDERMOTT","","","","","","",2003-03-28 08:40:48.280000000,"",2011-02-10 11:02:10,"HodskinS",False,True,False,True,False,1,1
31,"PTW","PHILLIP T. WILLIAMS","","","","","","",2003-08-10 11:31:57.427000000,"",,"YbarraM",True,True,False,True,False,1,494
416,"PV","PHILIP VERILLO","","","","","","",2008-09-03 11:13:06,"KhanS",2012-12-06 13:55:00,"McDermoJ",True,True,False,True,False,1,512
333,"PWS","PAUL W. SCHMIDT","","","","","","",2003-08-07 11:21:06.537000000,"",,"EliotB",True,True,False,True,False,1,503
408,"QVB","QUYNH V. BAIN","","","","","","",2008-03-12 09:47:24,"HodskinS",2009-02-26 13:53:52,"MikulaJ",True,True,False,True,False,1,502
32,"RAJ","ANTHONY J. RANDALL","","","","","","",2003-08-10 11:31:57.427000000,"",,"SimmonsR",True,True,False,True,False,1,509
413,"RAP","RICHARD A. PHELPS","","","","","","",2008-08-05 11:01:34,"HodskinS",2008-08-05 11:01:34,"CrouchJ",True,True,False,True,False,1,517
456,"RAR","RACHEL ANN RUANE","","","","","","",2010-07-22 10:23:32,"HodskinS",2010-07-22 10:23:32,"ArguetaA",True,True,False,True,False,1,492
33,"RB","ROBERT BROWN","","","","","","",2003-08-10 11:31:57.427000000,"",2011-02-10 11:05:45,"HodskinS",False,True,False,True,False,1,429
34,"RCH","ROXANNE C. HLADYLOWYCZ","","","","","","",2003-08-10 11:31:57.427000000,"",,"MikulaJ",True,True,False,True,False,1,499
35,"RCP","ROSE PETERS","","","","","","",2003-08-10 11:31:57.427000000,"",,"ArguetaA",True,True,False,True,False,1,497
424,"RDM","RENE D. MATEO","","","","","","",2009-02-12 14:22:27,"KumarA",2009-02-17 15:22:12,"RabinovB",True,True,False,True,False,1,513
36,"RDN","ROBERT D. NEWBERRY","","","","","","",2003-08-10 11:31:57.427000000,"",,"YbarraM",True,True,False,True,False,1,505
37,"RDV","ROBERT D. VINIKOOR","","","","","","",2003-08-10 11:31:57.427000000,"",,"MikulaJ",True,True,False,True,False,1,506
38,"RDW","ROBERT D. WEISEL","","","","","","",2003-08-10 11:31:57.427000000,"",,"YbarraM",True,True,False,True,False,1,512
504,"REC","ROBERT E. COUGHLON","","","","","","",2011-07-14 15:42:24,"RauschE",2011-07-14 15:42:24,"OlivareV",True,True,False,True,False,1,516
397,"REF","ROBIN E. FEDER","","","","","","",2006-11-09 14:59:41,"LeeSu",2006-11-09 14:59:41,"McDermoJ",True,True,False,True,False,1,518
39,"RFB","RICHARD F. BRODSKY","","","","","","",2003-08-10 11:31:57.427000000,"",,"",False,True,False,True,False,1,1
392,"RFS","ROGER F. SAGERMAN","","","","","","",2006-09-22 10:53:53,"LeeSu",2006-09-22 10:53:53,"HarrisA",True,True,False,True,False,1,479
40,"RGS","RONALD G. SONOM","","","","","","",2003-08-10 11:31:57.427000000,"",2011-02-10 11:06:26,"GoicG",False,True,False,True,False,1,468
398,"RHC","RODGER C. HARRIS","","","","","","",2007-01-12 09:48:49,"LeeSu",2007-01-12 09:48:49,"RabinovB",True,True,False,True,False,1,510
41,"RHK","RICHARD H. KNUCK","","","","","","",2003-08-10 11:31:57.427000000,"",2011-02-10 11:05:21,"HodskinS",False,True,False,True,False,1,490
42,"RJB","ROBERT J. BARRETT","","","","","","",2003-08-10 11:31:57.427000000,"",2011-02-10 11:06:03,"OlivareV",False,True,False,True,False,1,513
43,"RJD","ROY J. DANIEL","","","","","","",2003-08-10 11:31:57.427000000,"",,"PerdomoD",False,True,False,True,False,1,419
44,"RJF","REX J. FORD","","","","","","",2003-08-10 11:31:57.427000000,"",,"YazzieI",True,True,False,True,False,1,505
45,"RKM","R. KEVIN MCHUGH","","","","","","",2003-08-10 11:31:57.427000000,"",,"YbarraM",True,True,False,True,False,1,473
46,"RLE","R. LEE ERWIN","","","","","","",2003-08-10 11:31:57.427000000,"",,"HarrisA",False,True,False,True,False,1,491
462,"RLH","REBECCA L. HOLT","","","","","","",2010-09-03 13:54:32,"RauschE",2010-09-03 13:54:32,"SuttonC",True,True,False,True,False,1,478
47,"RLM","RONALD L. MULLINS","","","","","","",2003-08-10 11:31:57.427000000,"",,"CelayaG",True,True,False,True,False,1,473
48,"RLR","RENEE L. RENNER","","","","","","",2003-08-10 11:31:57.427000000,"",,"OlivareV",True,True,False,True,False,1,514
49,"RM","ROBERTO MORENO","","","","","","",2003-08-10 11:31:57.427000000,"",,"",True,True,False,True,False,1,1
431,"RM1","ROBERT PRINT MAGGARD","","","","","","",2009-04-07 15:20:05,"HodskinS",2009-04-07 15:20:05,"",True,True,False,True,False,1,1
50,"RMM","RAUL MONTES","","","","","","",2003-08-10 11:31:57.427000000,"",,"",False,True,False,True,False,1,1
507,"RMS","ROBERT MCSEVENEY","","","","","","",2011-11-02 12:32:53,"RauschE",2011-11-02 12:32:53,"OlivareV",True,True,False,True,False,1,502
51,"RNO","RONALD N. OHATA","","","","","","",2003-08-10 11:31:57.427000000,"",,"",False,True,False,True,False,1,1
52,"ROS","RAFAEL ORTIZ-SEGURA","","","","","","",2003-08-10 11:31:57.427000000,"",,"MayorgaA",True,True,False,True,False,1,489
53,"ROV","ROBERT O. VICARS, JR.","","","","","","",2003-08-10 11:31:57.427000000,"",,"ArguetaA",True,True,False,True,False,1,482
54,"RP","RAUL C. PARDO","","","","","","",2003-08-10 11:31:57.427000000,"",,"",False,True,False,True,False,1,1
466,"RPL","ROBERT L. POWELL","","","","","","",2010-10-04 17:28:00,"HuangC",2010-10-06 13:03:15,"YbarraM",True,True,False,True,False,1,506
55,"RPM","ROSALIND K. MALLOY","","","","","","",2003-08-10 11:31:57.427000000,"",,"BraunI",True,True,False,True,False,1,507
56,"RPO","ROBERT P. OWENS","","","","","","",2003-08-10 11:31:57.427000000,"",,"MikulaJ",True,True,False,True,False,1,515
436,"RR1","RODIN ROOYANI","","","","","","",2009-04-08 18:17:07,"HodskinS",2009-04-08 18:17:07,"ArguetaA",True,True,False,True,False,1,501
57,"RRO","RICHARD R. OZMUN","","","","","","",2003-08-10 11:31:57.427000000,"",,"GoodrumG",True,True,False,True,False,1,496
58,"RS","RENETTA SMITH","","","","","","",2003-08-10 11:31:57.427000000,"",2011-02-10 11:04:43,"GoicG",False,True,False,True,False,1,471
361,"RSH","ROBERT S. HOUGH","","","","","","",2005-01-26 14:05:41,"CannettF",2005-01-26 14:07:44,"YbarraM",True,True,False,True,False,1,500
59,"RW","RICHARD D. WALTON","","","","","","",2003-08-10 11:31:57.427000000,"",,"ArguetaA",True,True,False,True,False,1,512
506,"RWK","R. WAYNE KIMBALL","","","","","","",2011-10-28 15:51:55,"RauschE",2011-10-28 15:51:55,"GoodrumG",True,True,False,True,False,1,495
60,"RY","ROBERT YEARGIN","","","","","","",2003-08-10 11:31:57.427000000,"",,"Jauregma",True,True,False,True,False,1,488
451,"RZA","RANDA ZAGZOUG","","","","","","",2010-04-26 17:16:15,"HodskinS",2010-04-26 17:16:15,"NoleJ",True,True,False,True,False,1,497
491,"SAM","STEVEN A. MORLEY","","","","","","",2010-11-03 15:57:52,"HuangC",2010-11-03 15:57:52,"McDermoJ",True,True,False,True,False,1,495
479,"SAR","SILVIA R. ARELLANO","","","","","","",2010-10-18 17:00:31,"RauschE",2010-10-18 17:00:31,"KingC1",True,True,False,True,False,1,493
511,"SBM","SUNITA B. MAHTABFAR","","","","","","",2013-02-13 10:34:43,"DoanT",2013-02-13 10:34:43,"",True,True,False,True,False,1,1
61,"SBR","SYDNEY B. ROSENBERG","","","","","","",2003-08-10 11:31:57.427000000,"",,"HarrisA",False,True,False,True,False,1,480
62,"SCB","SUZAN C. BRAUWERMAN","","","","","","",2003-08-10 11:31:57.427000000,"",,"SimmonsR",False,True,False,True,False,1,491
63,"SD","SAMUEL DER-YEGHIAYAN","","","","","","",2003-08-10 11:31:57.427000000,"",2011-02-10 11:06:45,"HodskinS",False,True,False,True,False,1,471
418,"SDL","SCOTT LAURENT","","","","","","",2008-09-18 13:32:24,"HodskinS",2008-09-18 13:32:24,"ArguetaA",True,True,False,True,False,1,481
64,"SEC","SUSAN E. CASTRO","","","","","","",2003-08-10 11:31:57.427000000,"",,"YbarraM",True,True,False,True,False,1,512
487,"SEG","SAUL E. GREENSTEIN","","","","","","",2010-10-25 11:30:04,"HuangC",2010-10-25 11:30:04,"ReynoldJ",True,True,False,True,False,1,498
65,"SEM","STEPHEN E. MANDER","","","","","","",2003-08-10 11:31:57.427000000,"",,"RabinovB",True,True,False,True,False,1,516
501,"SFD","STEVEN F. DAY","","","","","","",2011-03-18 10:48:48,"HuangC",2011-03-18 10:48:48,"McDermoJ",True,True,False,True,False,1,510
490,"SFK","STUART F. KARDEN","","","","","","",2010-10-28 16:36:54,"HodskinS",2010-10-28 16:36:54,"NoleJ",True,True,False,True,False,1,492
66,"SGA","SCOTT G. ALEXANDER","","","","","","",2003-08-10 11:31:57.427000000,"",,"RabinovB",True,True,False,True,False,1,496
409,"SGR","SUSAN G. ROY","","","","","","",2008-03-20 14:35:05,"HodskinS",2011-02-10 11:07:47,"LeeP",False,True,False,True,False,1,480
67,"SH","SANDY HOM","","","","","","",2003-08-10 11:31:57.427000000,"",,"MikulaJ",True,True,False,True,False,1,503
463,"SHA","SAUNDRA D. ARRINGTON","","","","","","",2010-09-15 09:49:17,"HodskinS",2010-09-15 09:49:17,"DeLussoS",True,True,False,True,False,1,507
68,"SHK","SEAN H. KEENAN","","","","","","",2003-08-10 11:31:57.427000000,"",,"RossyH",True,True,False,True,False,1,493
481,"SJC","STEVEN J. CONNELLY","","","","","","",2010-10-18 18:34:07,"KhanS",2010-10-18 18:34:07,"StrokaR",True,True,False,True,False,1,498
417,"SJL","SCOTT LAURENT","","","","","","",2008-09-18 13:31:36,"HodskinS",2008-09-18 13:32:12,"HodskinS",False,True,False,True,False,1,1
69,"SJM","STEPHANIE J. MARKS","","","","","","",2003-08-10 11:31:57.427000000,"",,"HarrisA",False,True,False,True,False,1,481
70,"SK","SABRI KANDAH","","","","","","",2003-08-10 11:31:57.427000000,"",,"HarrisA",False,True,False,True,False,1,482
71,"SLS","STEPHEN L. SHOLOMSON","","","","","","",2003-08-10 11:31:57.427000000,"",,"ArguetaA",True,True,False,True,False,1,495
72,"SMB","SARAH M. BURR","","","","","","",2003-08-10 11:31:57.427000000,"",,"NoleJ",True,True,False,True,False,1,490
73,"SMJ","SCOTT M. JEFFERIES","","","","","","",2003-08-10 11:31:57.427000000,"",,"YazzieI",True,True,False,True,False,1,480
473,"SMN","SHEILA MCNULTY","","","","","","",2010-10-12 15:31:10,"KhanS",2010-10-12 15:31:10,"MikulaJ",True,True,False,True,False,1,507
405,"SMR","STEPHEN M. RUHLE","","","","","","",2008-03-06 17:28:15,"NongP",2008-03-06 17:28:15,"SilvaM",True,True,False,True,False,1,488
460,"SPL","STEVEN P. LOGAN","","","","","","",2010-08-25 16:36:09,"RauschE",2010-08-25 16:36:09,"CrouchJ",True,True,False,True,False,1,492
74,"SRA","STEVEN R. ABRAMS","","","","","","",2003-08-10 11:31:57.427000000,"",,"YbarraM",True,True,False,True,False,1,496
75,"SRK","SEYMOUR R. KLEINFELD","","","","","","",2003-08-10 11:31:57.427000000,"",2011-02-10 11:07:29,"GoicG",False,True,False,True,False,1,474
76,"SSC","SANDRA S. COLEMAN","","","","","","",2003-08-10 11:31:57.427000000,"",2011-02-10 11:07:11,"GoicG",False,True,False,True,False,1,479
359,"SSG","STEPHEN S. GRISWOLD","","","","","","",2004-12-06 14:51:18,"ohs",2004-12-06 14:51:18,"Jauregma",True,True,False,True,False,1,496
354,"SVJ","SEATTLE VISITING JUDGE","","","","","","",2004-09-14 08:15:16.310000000,"",,"KirkB",True,True,False,True,False,1,381
77,"SY","SUSAN YARBROUGH","","","","","","",2003-08-10 11:31:57.427000000,"",2011-02-10 11:08:19,"HodskinS",False,True,False,True,False,1,433
78,"TAB","TERRY A. BAIN","","","","","","",2003-08-10 11:31:57.427000000,"",,"NoleJ",True,True,False,True,False,1,501
386,"TAW","TED A. WHITE","","","","","","",2006-06-02 16:11:53,"LeeSu",2011-02-10 11:08:38,"HodskinS",False,True,False,True,False,1,1
79,"TC","TEOFILO CHAPA","","","","","","",2003-08-10 11:31:57.427000000,"",,"RabinovB",True,True,False,True,False,1,499
334,"TCC","TERRY C. CHRISTIAN","","","","","","",2003-08-07 11:21:06.537000000,"",2011-02-10 11:08:58,"HodskinS",False,True,False,True,False,1,1
360,"TCR","THOMAS C. ROEPKE","","","","","","",2005-01-26 14:05:12,"CannettF",2005-01-26 14:08:12,"YbarraM",True,True,False,True,False,1,485
80,"TF","THOMAS FONG","","","","","","",2003-08-10 11:31:57.427000000,"",,"EliotB",True,True,False,True,False,1,512
486,"TGC","THOMAS G. CROSSAN JR.","","","","","","",2010-10-22 10:59:19,"KhanS",2010-12-07 16:00:24,"YbarraM",True,True,False,True,False,1,500
378,"TGS","THOMAS G. SNOW","","","","","","",2006-01-09 15:52:02,"LeeSu",2006-01-09 15:52:02,"EliotB",True,True,False,True,False,1,498
81,"THS","THERESA HOLMES-SIMMONS","","","","","","",2003-08-10 11:31:57.427000000,"",2008-10-29 11:44:06,"NoleJ",True,True,False,True,False,1,496
375,"TJM","THOMAS J. MULLIGAN","","","","","","",2005-10-07 13:57:24,"Forsmany",2009-01-27 09:46:21,"YbarraM",True,True,False,True,False,1,513
410,"TLF","TAMMY L. FITTING","","","","","","",2008-04-03 10:06:10,"HodskinS",2008-04-03 10:06:10,"HarrisoB",True,True,False,True,False,1,515
82,"TLP","THOMAS L. PULLEN","","","","","","",2003-08-10 11:31:57.427000000,"",2011-02-10 11:09:18,"FranklinK",False,True,False,True,False,1,495
83,"TMO","THOMAS MICHAEL O'LEARY","","","","","","",2003-08-10 11:31:57.427000000,"",,"RossyH",True,True,False,True,False,1,500
84,"TMR","THOMAS M. RAGNO","","","","","","",2003-08-10 11:31:57.427000000,"",2011-02-10 11:09:47,"HansenM",False,True,False,True,False,1,378
438,"TNN","TARA NASELOW-NAHAS","","","","","","",2009-10-08 10:27:19,"MillerAn",2009-10-08 10:32:34,"ArguetaA",True,True,False,True,False,1,515
85,"TPQ","TUE PHAN-QUANG","","","","","","",2003-08-10 11:31:57.427000000,"",,"McDermoJ",True,True,False,True,False,1,497
517,"TRE","TIMOTHY R. EVERETT","","","","","","",2013-04-22 11:02:17,"DoanT",2013-04-22 11:02:17,"",True,True,False,True,False,1,1
454,"TSC","THERESA SCALA","","","","","","",2010-04-27 16:31:11,"HodskinS",2010-04-27 16:31:11,"HiamR",True,True,False,True,False,1,507
423,"TWJ","THOMAS JANAS","","","","","","",2009-02-12 14:21:03,"KumarA",2009-02-17 15:22:45,"McClainP",True,True,False,True,False,1,495
477,"VAW","VIRNA A. WRIGHT","","","","","","",2010-10-14 17:37:53,"KhanS",2010-10-14 17:37:53,"NoleJ",True,True,False,True,False,1,500
87,"VDA","DAVID AYALA (VISITING JUDGE)","","","","","","",2003-08-10 11:31:57.427000000,"",,"YbarraM",False,True,False,True,False,1,471
88,"VG","VICTORIA GHARTEY","","","","","","",2003-08-10 11:31:57.427000000,"",,"SimmonsR",True,True,False,True,False,1,507
89,"VGU","VIVIENNE GORDON-URUAKPA","","","","","","",2003-08-10 11:31:57.427000000,"",,"MikulaJ",True,True,False,True,False,1,494
90,"VHJ","CLAREASE RANKIN YATES (VISITING JUDGE)","","","","","","",2003-08-10 11:31:57.427000000,"",,"AllenA",False,True,False,True,False,1,428
355,"VIC","VICTORIA E. YOUNG","","","","","","",2004-09-14 08:15:16.310000000,"",2011-02-10 11:10:10,"HodskinS",False,True,False,True,False,1,433
91,"VID","VIDEO JUDGE - BAL","","","","","","",2003-08-10 11:31:57.427000000,"",,"WrightJ",False,True,False,True,False,1,504
92,"VIS","VISITING JUDGE","","","","","","",2003-08-10 11:31:57.427000000,"",,"YbarraM",False,True,False,True,False,1,478
93,"VJ1","VISITING JUDGE 1","","","","","","",2003-08-10 11:31:57.427000000,"",2009-07-17 13:21:11,"MikulaJ",True,True,False,True,False,1,506
94,"VJ2","VISITING JUDGE 2","","","","","","",2003-08-10 11:31:57.427000000,"",2009-07-17 13:21:22,"DeLussoS",True,True,False,True,False,1,513
95,"VJ3","VISITING JUDGE 3","","","","","","",2003-08-10 11:31:57.427000000,"",2010-11-12 15:21:31,"ArguetaA",True,True,False,True,False,1,506
96,"VJ4","VISITING JUDGE 4","","","","","","",2003-08-10 11:31:57.427000000,"",,"SuttonC",False,True,False,True,False,1,491
97,"VJ5","VISITING JUDGE 5","","","","","","",2003-08-10 11:31:57.427000000,"",,"NoleJ",False,True,False,True,False,1,504
98,"VJ6","VISITING JUDGE","","","","","","",2003-08-10 11:31:57.427000000,"",,"",False,True,False,True,False,1,1
335,"VJ9","VISITING JUDGE 9","","","","","","",2003-08-07 11:21:06.537000000,"",,"ArguetaA",True,True,False,True,False,1,501
99,"VJA","JOAN V. CHURCHILL (VISITING JUDGE)","","","","","","",2003-08-10 11:31:57.427000000,"",,"AllenA",False,True,False,True,False,1,430
100,"VJB","JIMMIE LEE BENTON (VISITING JUDGE)","","","","","","",2003-08-10 11:31:57.427000000,"",,"",False,True,False,True,False,1,1
101,"VJE","MIRLANDE TADAL","","","","","","",2003-08-10 11:31:57.427000000,"",,"AllenA",False,True,False,True,False,1,433
102,"VJH","HOWARD VAN WINKLE (VISITING JUDGE)","","","","","","",2003-08-10 11:31:57.427000000,"",,"AllenA",False,True,False,True,False,1,434
103,"VJM","KEITH C. WILLIAMS","","","","","","",2003-08-10 11:31:57.427000000,"",,"AllenA",False,True,False,True,False,1,435
104,"VJO","JOHN A. DUCK, JR.","","","","","","",2003-08-10 11:31:57.427000000,"",,"AllenA",False,True,False,True,False,1,437
105,"VMJ","SCOTT C. ALEXANDER","","","","","","",2003-08-10 11:31:57.427000000,"",,"AllenA",False,True,False,True,False,1,440
495,"VPG","VIRGINIA PEREZ-GUZMAN","","","","","","",2010-11-12 14:28:12,"RauschE",2010-11-23 09:54:37,"MikulaJ",True,True,False,True,False,1,509
106,"VPL","PHILIP S. LAW (VISITING JUDGE)","","","","","","",2003-08-10 11:31:57.427000000,"",,"",False,True,False,True,False,1,1
478,"VSC","V. STUART COUCH ","","","","","","",2010-10-15 15:44:12,"RauschE",2010-10-15 15:44:12,"BaxterE",True,True,False,True,False,1,501
107,"VSY","SUSAN YARBROUGH (VISITING JUDGE)","","","","","","",2003-08-10 11:31:57.427000000,"",,"",False,True,False,True,False,1,1
108,"VWZ","WILLIAM K. ZIMMER (VISITING JUDGE)","","","","","","",2003-08-10 11:31:57.427000000,"",,"",False,True,False,True,False,1,1
109,"WAC","WILLIAM A. CASSIDY","","","","","","",2003-08-10 11:31:57.427000000,"",,"DeLussoS",True,True,False,True,False,1,510
110,"WAD","WALTER A. DURLING","","","","","","",2003-08-10 11:31:57.427000000,"",,"BraunI",True,True,False,True,False,1,507
320,"WAH","WENDELL A. HOLLIS","","","","","","",2003-03-13 11:34:00.967000000,"",,"YbarraM",True,True,False,True,False,1,497
111,"WCP","WILLIAM C. PETERSON","","","","","","",2003-08-10 11:31:57.427000000,"",,"YbarraM",True,True,False,True,False,1,516
458,"WDN","WILLIAM DAVID NEUMEISTER","","","","","","",2010-07-22 10:25:30,"HodskinS",2010-07-22 10:25:30,"ArguetaA",True,True,False,True,False,1,476
112,"WFJ","WILLIAM F. JANKUN","","","","","","",2003-08-10 11:31:57.427000000,"",,"",True,True,False,True,False,1,1
113,"WFN","WILLIAM F. NAIL, JR.","","","","","","",2003-08-10 11:31:57.427000000,"",,"HarrisA",False,True,False,True,False,1,486
114,"WI","WAYNE ISKRA","","","","","","",2003-08-10 11:31:57.427000000,"",,"EliotB",True,True,False,True,False,1,518
115,"WJM","WILLIAM J. MARTIN","","","","","","",2003-08-10 11:31:57.427000000,"",2011-02-10 11:10:36,"MorrowM",False,True,False,True,False,1,425
116,"WJN","WILLIAM J. NICKERSON, JR.","","","","","","",2003-08-10 11:31:57.427000000,"",,"RimmerP",True,True,False,True,False,1,517
117,"WKH","WAYNE K. HOUSER, JR.","","","","","","",2003-08-10 11:31:57.427000000,"",,"DeLussoS",True,True,False,True,False,1,506
118,"WKZ","WILLIAM K. ZIMMER","","","","","","",2003-08-10 11:31:57.427000000,"",,"VelvinU",True,True,False,True,False,1,492
119,"WLA","WILLIAM L. ABBOTT","","","","","","",2003-08-10 11:31:57.427000000,"",,"HarrisA",True,True,False,True,False,1,506
370,"WLN","William L Nixon","","","","","","",2005-05-18 16:39:02,"Forsmany",2005-05-18 16:39:02,"ZisumboT",True,True,False,True,False,1,508
120,"WPG","WILLIAM P. GREENE JR.","","","","","","",2003-08-10 11:31:57.427000000,"",2012-06-02 16:30:43,"KhanS",False,True,False,True,False,1,1
121,"WPJ","WILLIAM JOYCE","","","","","","",2003-08-10 11:31:57.427000000,"",,"HernandC",False,True,False,True,False,1,385
122,"WS","WILLIAM STRASSER","","","","","","",2003-08-10 11:31:57.427000000,"",2011-02-10 11:11:07,"HarrisA",False,True,False,True,False,1,488
123,"WVW","WILLIAM VAN WYKE","","","","","","",2003-08-10 11:31:57.427000000,"",,"McDermoJ",True,True,False,True,False,1,507
362,"WWS","W. WAYNE STOGNER","","","","","","",2005-02-10 08:52:00,"CannettF",2005-02-10 08:52:00,"YbarraM",True,True,False,True,False,1,496
124,"XXX","FORMER IMMIGRATION JUDGE","","","","","","",2003-08-10 11:31:57.427000000,"",,"DeLussoS",False,True,False,True,False,1,508
125,"ZZD","ZSA ZSA DEPAOLO","","","","","","",2003-08-10 11:31:57.427000000,"",,"OlivareV",True,True,False,True,False,1,511
